Date,Prev Close,Open,High,Low,Close,VWAP,Volume,Turnover,Deliverable Volume,%Deliverble
2018-09-06,377.41916,381.2474,385.34808,368.8079,374.54834,379.94785,2369345.2,66941943000000.0,1136385.6,0.4323666
2018-09-07,377.7323,381.6213,385.70517,369.13065,374.9005,380.26376,2371169.5,67022034000000.0,1136657.9,0.43210676
2018-09-10,377.72815,381.681,385.734,369.15216,374.92722,380.26794,2374261.2,67116888000000.0,1137591.9,0.43192613
2018-09-11,377.41272,381.4264,385.439,368.8747,374.6336,379.96405,2378299.2,67218646000000.0,1139078.9,0.43184385
2018-09-12,376.80353,380.87057,384.8378,368.31177,374.03708,379.36673,2383049.2,67319230000000.0,1141024.9,0.43186736
2018-09-14,375.94467,380.05405,383.97653,367.50302,373.1833,378.51776,2388254.2,67412897000000.0,1143309.5,0.43198976
2018-09-17,374.89716,379.03418,382.91788,366.50586,372.13422,377.47794,2393616.2,67496430000000.0,1145804.6,0.43219778
2018-09-18,373.77808,377.9229,381.77966,365.43143,371.00806,376.36426,2398575.8,67564005000000.0,1148262.6,0.4324635
2018-09-19,372.71848,376.84998,380.69565,364.40543,369.93787,375.30737,2402586.8,67611207000000.0,1150414.2,0.4327535
2018-09-21,371.8048,375.90695,379.7562,363.51288,369.01352,374.39343,2405495.2,67640690000000.0,1152136.1,0.4330381
2018-09-24,371.08255,375.14682,379.01068,362.79922,368.28333,373.66663,2407422.2,67656695000000.0,1153410.5,0.43329006
2018-09-25,370.48465,374.51718,378.39792,362.20438,367.68445,373.05957,2409086.5,67672610000000.0,1154473.2,0.4335053
2018-09-26,369.83957,373.86212,377.7499,361.56723,367.0483,372.40024,2411674.2,67706030000000.0,1155784.2,0.43370187
2018-09-27,368.90295,372.94873,376.82397,360.6561,366.1319,371.44534,2416555.2,67775754000000.0,1157934.0,0.4339192
2018-09-28,367.4035,371.51254,375.34714,359.21115,364.6638,369.92484,2425000.0,67898690000000.0,1161511.4,0.43421292
2018-10-01,365.14154,369.34418,373.11148,357.0378,362.43915,367.642,2437606.5,68080610000000.0,1166904.6,0.43463752
2018-10-03,362.0617,366.36954,370.0511,354.07767,359.39694,364.5442,2454012.8,68314965000000.0,1174110.2,0.43523282
2018-10-04,358.22467,362.63004,366.21948,350.38406,355.59406,360.69302,2473305.8,68586874000000.0,1182850.0,0.43602043
2018-10-05,353.8163,358.29126,361.79718,346.12985,351.2134,356.27335,2494096.0,68874293000000.0,1192597.4,0.43699142
2018-10-08,349.05264,353.56036,357.0009,341.51974,346.4723,351.4984,2515126.2,69158876000000.0,1202799.4,0.43812144
2018-10-09,344.13226,348.6345,352.03436,336.74396,341.57297,346.56348,2535551.8,69427828000000.0,1213026.0,0.43937227
2018-10-10,339.26846,343.72592,347.11713,332.0081,336.73196,341.68042,2554579.0,69670370000000.0,1222865.0,0.44068927
2018-10-11,334.7324,339.10144,342.52396,327.5736,332.222,337.1211,2571106.5,69874538000000.0,1231785.1,0.44200015
2018-10-12,330.75946,335.0031,338.49536,323.6708,328.28165,333.12082,2584363.8,70036664000000.0,1239348.6,0.44323507
2018-10-15,327.5,331.59448,335.1892,320.449,325.06485,329.8292,2594218.2,70159850000000.0,1245366.1,0.44432962
2018-10-16,325.03564,328.9702,332.69247,317.99173,322.65488,327.32892,2600871.8,70251786000000.0,1249819.5,0.4452296
2018-10-17,323.4008,327.1763,331.04288,316.3371,321.0859,325.65656,2604638.8,70321302000000.0,1252768.5,0.4458939
2018-10-19,322.5729,326.20187,330.21933,315.46817,320.3345,324.79202,2606009.5,70379760000000.0,1254369.5,0.44629982
2018-10-22,322.4188,325.9298,330.08994,315.26187,320.26703,324.60342,2605987.2,70444820000000.0,1255004.6,0.44645482
2018-10-23,322.72214,326.15646,330.43884,315.51395,320.6659,324.8761,2605823.0,70532650000000.0,1255204.1,0.44639257
2018-10-24,323.23267,326.63742,331.0126,315.98538,321.27753,325.36197,2606647.2,70656430000000.0,1255502.4,0.4461688
2018-10-25,323.72955,327.14798,331.58316,316.46268,321.87582,325.84268,2609137.8,70820300000000.0,1256293.4,0.4458494
2018-10-26,323.99518,327.4675,331.92624,316.7347,322.2398,326.10083,2613857.2,71027370000000.0,1257912.4,0.44551092
2018-10-29,323.81027,327.37164,331.8172,316.58746,322.14755,325.91608,2621342.5,71276530000000.0,1260686.2,0.44523478
2018-10-30,323.041,326.71228,331.1153,315.8865,321.46118,325.154,2631570.5,71557340000000.0,1264730.6,0.44508803
2018-10-31,321.6979,325.47763,329.8227,314.635,320.18658,323.8249,2643701.8,71850040000000.0,1269818.0,0.4451106
2018-11-01,319.8766,323.74756,328.03003,312.91864,318.41766,322.02167,2656643.8,72134180000000.0,1275543.1,0.4453204
2018-11-02,317.758,321.687,325.91614,310.9054,316.33447,319.92242,2669126.8,72385940000000.0,1281389.4,0.44570234
2018-11-05,315.58426,319.52707,323.72498,308.82443,314.18048,317.7667,2679843.2,72585730000000.0,1286775.4,0.44621345
2018-11-06,313.6383,317.54538,321.74356,306.94614,312.24133,315.83484,2687545.2,72717640000000.0,1291096.2,0.44678587
2018-11-07,312.16183,315.98987,320.22192,305.50452,310.76407,314.36618,2691526.2,72777160000000.0,1293921.1,0.44734263
2018-11-09,311.35855,315.07175,319.3713,304.698,309.9562,313.5637,2691465.8,72766905000000.0,1294991.6,0.44779885
2018-11-12,311.33783,314.9177,319.3108,304.6379,309.93265,313.53693,2687603.0,72699650000000.0,1294265.9,0.44808608
2018-11-13,312.1308,315.57523,320.0788,305.35953,310.72772,314.31808,2680546.8,72592100000000.0,1291890.2,0.44815034
2018-11-14,313.6736,316.99768,321.6163,306.8079,312.27997,315.84598,2671271.2,72467190000000.0,1288203.8,0.44796398
2018-11-15,315.80582,319.04105,323.7659,308.8347,314.43048,317.96313,2661045.0,72349560000000.0,1283711.1,0.4475324
2018-11-16,318.3404,321.52576,326.3392,311.26358,316.99078,320.48608,2650946.0,72256990000000.0,1278900.0,0.44688323
2018-11-19,321.0777,324.25436,329.1321,313.90506,319.7585,323.219,2641811.5,72202200000000.0,1274198.9,0.44606617
2018-11-20,323.83624,327.04318,331.9573,316.58408,322.54898,325.98172,2634161.8,72189110000000.0,1269912.6,0.44514304
2018-11-21,326.4377,329.70886,334.63007,319.12762,325.18036,328.59662,2628397.0,72217390000000.0,1266307.9,0.4441828
2018-11-22,328.78702,332.1425,337.04703,321.43994,327.5525,330.9689,2624354.8,72276410000000.0,1263434.2,0.44324243
2018-11-26,330.88666,334.33,339.20328,323.51813,329.6635,333.1004,2621347.5,72348960000000.0,1261099.8,0.44236124
2018-11-27,332.82275,336.34204,341.17957,325.43973,331.59674,335.0753,2618397.8,72414680000000.0,1258951.2,0.441555
2018-11-28,334.68906,338.26627,343.06976,327.29144,333.4466,336.98367,2614774.2,72458850000000.0,1256673.0,0.44082585
2018-11-29,336.59064,340.20453,344.981,329.17142,335.31927,338.92703,2609908.2,72468840000000.0,1253989.6,0.44015816
2018-11-30,338.58054,342.2154,346.97165,331.13058,337.27176,340.95502,2603705.2,72442735000000.0,1250792.4,0.4395353
2018-12-03,340.66217,344.30927,349.0503,333.17294,339.3108,343.06976,2596427.2,72384720000000.0,1247137.4,0.43894002
2018-12-04,342.84036,346.49463,351.22467,335.30377,341.4432,345.2758,2588239.8,72298340000000.0,1243063.1,0.4383561
2018-12-05,345.12506,348.78308,353.50604,337.5334,343.68018,347.58426,2579214.0,72187550000000.0,1238588.6,0.4377687
2018-12-06,347.52084,351.1808,355.89917,339.86755,346.02695,350.00137,2569420.0,72056910000000.0,1233741.0,0.437167
2018-12-07,349.99814,353.6635,358.37567,342.27948,348.4554,352.4976,2559110.0,71912650000000.0,1228608.8,0.43655124
2018-12-10,352.48975,356.1689,360.86945,344.7059,350.8991,355.0059,2548713.8,71760616000000.0,1223365.4,0.4359305
2018-12-11,354.9085,358.61325,363.29312,347.06393,353.27127,357.4395,2538701.8,71607680000000.0,1218219.9,0.4353197
2018-12-12,357.10422,360.85373,365.49695,349.2107,355.423,359.648,2529848.0,71465130000000.0,1213506.8,0.43475044
2018-12-13,358.96152,362.77078,367.36337,351.03412,357.23715,361.51697,2522582.8,71335120000000.0,1209468.1,0.43425095
2018-12-14,360.42368,364.30087,368.83148,352.47824,358.65506,362.99124,2516883.0,71217490000000.0,1206165.1,0.4338466
2018-12-17,361.45963,365.40775,369.8669,353.51086,359.64432,364.0392,2512651.0,71110110000000.0,1203602.4,0.43355843
2018-12-18,362.102,366.11362,370.4992,354.16003,360.23578,364.69348,2509521.0,71005780000000.0,1201674.0,0.4333899
2018-12-19,362.4549,366.51273,370.8303,354.52304,360.53235,365.058,2506798.8,70895450000000.0,1200115.0,0.43332893
2018-12-20,362.66214,366.74182,371.00446,354.73648,360.6784,365.27603,2503745.8,70770340000000.0,1198608.4,0.43334913
2018-12-21,362.88193,366.95688,371.18274,354.95193,360.8343,365.50467,2499724.0,70624690000000.0,1196841.9,0.43341327
2018-12-24,363.16467,367.22107,371.4225,355.22083,361.05548,365.79156,2494874.8,70464475000000.0,1194776.0,0.4334985
2018-12-26,363.5313,367.56125,371.74957,355.5646,361.3652,366.15707,2489514.8,70294550000000.0,1192486.4,0.4335773
2018-12-27,363.98352,367.98553,372.16876,355.98782,361.76706,366.60416,2483887.0,70122224000000.0,1190041.5,0.4336334
2018-12-28,364.52554,368.4996,372.685,356.49643,362.26553,367.13907,2478120.8,69952426000000.0,1187492.1,0.43365377
2018-12-31,365.2012,369.14526,373.34073,357.13345,362.90326,367.80792,2472017.8,69785702000000.0,1184763.9,0.4336246
2019-01-01,366.08295,369.99133,374.2061,357.96896,363.751,368.6849,2465195.8,69619046000000.0,1181705.1,0.43353018
2019-01-02,367.25778,371.1227,375.36658,359.08707,364.89417,369.85785,2457200.5,69446870000000.0,1178116.5,0.43335468
2019-01-03,368.77676,372.59393,376.87454,360.5383,366.38437,371.37723,2447887.5,69268200000000.0,1173901.4,0.43308634
2019-01-04,370.6042,374.3794,378.69748,362.29126,368.18762,373.20627,2437630.8,69087580000000.0,1169167.4,0.432728
2019-01-07,372.62936,376.3791,380.72754,364.24164,370.1943,375.23297,2427149.5,68912264000000.0,1164182.0,0.43229684
2019-01-08,374.6719,378.42285,382.78583,366.21823,372.22455,377.27664,2417389.5,68752226000000.0,1159337.6,0.43182796
2019-01-09,376.48178,380.27002,384.62158,367.98187,374.02826,379.08688,2409549.5,68621430000000.0,1155165.4,0.43137416
2019-01-10,377.84073,381.69843,386.01096,369.32077,375.38345,380.4471,2404446.8,68526600000000.0,1152106.5,0.43098766
2019-01-11,378.59644,382.54782,386.79465,370.0853,376.1341,381.2061,2402349.8,68468740000000.0,1150380.6,0.43072054
2019-01-14,378.6326,382.69363,386.85117,370.15988,376.1614,381.2471,2403403.8,68446480000000.0,1150138.9,0.4306187
2019-01-15,377.95944,382.12744,386.18356,369.54764,375.47064,380.5802,2407087.5,68447720000000.0,1151263.9,0.43070084
2019-01-16,376.7121,380.96564,384.9223,368.37323,374.19492,379.34097,2412317.2,68457510000000.0,1153370.9,0.43095985
2019-01-17,375.1267,379.4277,383.3022,366.85907,372.5697,377.7644,2417718.2,68458314000000.0,1155897.8,0.43136096
2019-01-18,373.5194,377.81848,381.6418,365.3065,370.9128,376.16528,2421718.8,68430103000000.0,1158138.2,0.43184334
2019-01-21,372.2414,376.48346,380.29764,364.05255,369.57867,374.89334,2422860.5,68357605000000.0,1159386.6,0.4323244
2019-01-22,371.61966,375.7543,379.6053,363.41458,368.89975,374.27435,2420044.8,68232370000000.0,1159037.9,0.4327144
2019-01-23,371.81024,375.80972,379.73343,363.55,369.04068,374.46207,2413346.2,68064268000000.0,1156930.8,0.43294588
2019-01-24,372.76996,376.63678,380.6519,364.42593,369.96594,375.41156,2403907.5,67872970000000.0,1153366.8,0.43298367
2019-01-25,374.2656,378.03323,382.13623,365.82703,371.44766,376.88983,2393630.5,67687840000000.0,1149034.4,0.43283495
2019-01-28,375.93933,379.663,383.83026,367.41577,373.12866,378.542,2384651.5,67539082000000.0,1144829.6,0.43254632
2019-01-29,377.3984,381.14264,385.33356,368.8169,374.61206,379.97894,2378828.2,67452273000000.0,1141628.2,0.43219224
2019-01-30,378.2398,382.0699,386.23456,369.64313,375.48975,380.80078,2377696.2,67443140000000.0,1140221.1,0.43187222
2019-01-31,378.07053,382.0471,386.13052,369.51447,375.363,380.61642,2382491.5,67521797000000.0,1141304.1,0.4317011
2019-02-01,376.61377,380.77896,384.73148,368.1575,373.947,379.14963,2393720.5,67686230000000.0,1145295.6,0.4317779
2019-02-04,373.8232,378.1853,381.9766,365.51675,371.18607,376.35565,2410569.8,67917115000000.0,1152078.0,0.43216223
2019-02-05,369.86868,374.40253,378.02515,361.74478,367.24466,372.40326,2431276.0,68186960000000.0,1161055.8,0.4328707
2019-02-06,365.09732,369.74658,373.21957,357.1656,362.4671,367.63727,2453493.5,68459384000000.0,1171303.4,0.43387258
2019-02-07,359.98364,364.67087,368.03705,352.2295,357.3307,362.52872,2474709.8,68701030000000.0,1181716.0,0.43509
2019-02-08,355.01752,359.65945,362.97723,347.40643,352.33224,357.56305,2492847.2,68887828000000.0,1191270.2,0.43641704
2019-02-11,350.59067,355.11697,358.44766,343.07748,347.87396,353.12775,2506761.5,69010490000000.0,1199255.1,0.43774283
2019-02-12,346.93503,351.30045,354.69733,339.47336,344.1986,349.45148,2516425.5,69076960000000.0,1205409.6,0.4389661
2019-02-13,344.07596,348.26886,351.76703,336.62903,341.3411,346.55893,2522885.5,69110973000000.0,1209958.0,0.440019
2019-02-14,341.89886,345.9347,349.55103,334.4435,339.1913,344.33817,2527653.5,69141327000000.0,1213417.8,0.440866
2019-02-15,340.24902,344.15808,347.89502,332.77518,337.5935,342.6403,2531928.2,69190984000000.0,1216280.4,0.44150046
2019-02-18,338.9676,342.78653,346.63513,331.47556,336.3847,341.31232,2536533.5,69275746000000.0,1218940.1,0.44194025
2019-02-19,337.89267,341.659,345.60162,330.39102,335.39703,340.19662,2542035.2,69403650000000.0,1221715.0,0.4422248
2019-02-20,336.9144,340.65793,344.67545,329.41486,334.51337,339.1867,2548554.5,69572288000000.0,1224759.4,0.44239548
2019-02-21,336.01016,339.74634,343.8242,328.52234,333.70316,338.26196,2555618.0,69768384000000.0,1227982.5,0.44248682
2019-02-22,335.22958,338.96085,343.09128,327.7581,333.0109,337.47214,2562460.0,69975490000000.0,1231129.1,0.4425196
2019-02-25,334.67596,338.3928,342.57547,327.2176,332.53537,336.91882,2568164.2,70174140000000.0,1233844.4,0.44249874
2019-02-26,334.44183,338.1335,342.3694,326.9876,332.3688,336.6909,2572165.2,70352307000000.0,1235852.8,0.44241804
2019-02-27,334.49185,338.1597,342.44418,327.03525,332.47964,336.74826,2574849.8,70511410000000.0,1237232.8,0.44228375
2019-02-28,334.71652,338.3718,342.69617,327.2563,332.76102,336.97906,2577001.5,70657980000000.0,1238267.8,0.44210783
2019-03-01,334.90347,338.5729,342.91772,327.44904,333.0045,337.16943,2579860.0,70809420000000.0,1239448.2,0.44192627
2019-03-05,334.84256,338.5551,342.89774,327.41077,332.99933,337.11023,2584416.0,70976516000000.0,1241243.4,0.4417791
2019-03-06,334.38437,338.16342,342.4819,326.9958,332.59415,336.65402,2591056.8,71163360000000.0,1243905.5,0.44170865
2019-03-07,333.4731,337.32855,341.6073,326.1467,331.72968,335.7472,2599563.2,71365160000000.0,1247452.4,0.44174722
2019-03-08,332.1933,336.11453,340.34995,324.93927,330.48572,334.47562,2608947.2,71565870000000.0,1251570.1,0.44190314
2019-03-11,330.74997,334.7078,338.9102,323.56567,329.06473,333.04373,2617718.5,71741820000000.0,1255672.5,0.44215873
2019-03-12,329.36386,333.3212,337.50983,322.2362,327.68854,331.67032,2624694.8,71877380000000.0,1259231.5,0.44247904
2019-03-13,328.29898,332.21216,336.41635,321.2034,326.6227,330.61758,2628729.5,71957040000000.0,1261702.5,0.4428031
2019-03-14,327.83527,331.66086,335.9156,320.73685,326.15018,330.1636,2628790.2,71970250000000.0,1262544.1,0.44305414
2019-03-15,328.2146,331.91565,336.25644,321.07202,326.5162,330.5496,2624261.2,71915030000000.0,1261371.1,0.44314957
2019-03-18,329.53513,333.09622,337.54776,322.3098,327.82538,331.87213,2615467.0,71804560000000.0,1258152.5,0.4430285
2019-03-19,331.79312,335.21722,339.7941,324.45245,330.07742,334.12845,2603223.0,71655830000000.0,1253119.9,0.44264546
2019-03-20,334.8772,338.18658,342.88882,327.3996,333.16364,337.20956,2588677.8,71492550000000.0,1246688.8,0.4419884
2019-03-22,338.51947,341.76187,346.56924,330.90094,336.81985,340.84848,2573614.5,71343995000000.0,1239556.0,0.4410907
2019-03-25,342.3211,345.56134,350.43567,334.57748,340.64648,344.6486,2560131.8,71237225000000.0,1232643.2,0.44002876
2019-03-26,345.86673,349.17432,354.06616,338.03104,344.22464,348.1975,2549931.5,71190430000000.0,1226790.8,0.4389053
2019-03-27,348.82568,352.25772,357.11755,340.9404,347.2164,351.16824,2543844.8,71207100000000.0,1222550.9,0.43782708
2019-03-28,351.00827,354.59952,359.38516,343.1164,349.42398,353.3728,2541735.8,71276630000000.0,1220079.1,0.43688908
2019-03-29,352.38406,356.14154,360.82538,344.5211,350.80954,354.7806,2542673.2,71375600000000.0,1219165.0,0.43615705
2019-04-01,353.0975,356.99832,361.57272,345.28345,351.51144,355.5338,2545027.8,71472260000000.0,1219247.1,0.4356532
2019-04-02,353.42868,357.42618,361.9034,345.6647,351.80777,355.90906,2546842.0,71533746000000.0,1219537.2,0.4353557
2019-04-03,353.70963,357.74527,362.15277,345.97882,352.03293,356.23306,2546383.8,71534070000000.0,1219242.8,0.43520814
2019-04-04,354.23734,358.25488,362.62747,346.51065,352.48993,356.79794,2542570.5,71459960000000.0,1217769.8,0.4351356
2019-04-05,355.21793,359.17456,363.5465,347.46127,353.3933,357.80634,2535117.0,71313050000000.0,1214827.0,0.43505985
2019-04-08,356.7675,360.63754,365.03827,348.94705,354.8667,359.37286,2524288.0,71103920000000.0,1210367.6,0.43491027
2019-04-09,358.87387,362.65366,367.10046,350.96347,356.9046,361.4865,2510939.8,70854050000000.0,1204626.5,0.43464282
2019-04-10,361.4287,365.1334,369.6306,353.41275,359.40244,364.04102,2496237.5,70586800000000.0,1198022.2,0.43424013
2019-04-11,364.23163,367.89343,372.43112,356.10837,362.16235,366.8389,2481549.2,70326646000000.0,1191109.6,0.4337186
2019-04-12,367.0256,370.68628,375.24246,358.80692,364.92584,369.62656,2468206.0,70093530000000.0,1184494.1,0.43312278
2019-04-15,369.58694,373.2858,377.83383,361.29388,367.46478,372.18405,2457027.2,69896956000000.0,1178628.0,0.43250787
2019-04-16,371.7648,375.53067,380.04483,363.4219,369.62256,374.3632,2448223.2,69736850000000.0,1173731.2,0.43192983
2019-04-18,373.4565,377.30804,381.76523,365.08948,371.2923,376.0621,2441740.8,69608450000000.0,1169889.5,0.43144187
2019-04-22,374.61572,378.55966,382.94257,366.24716,372.42365,377.2331,2437331.5,69502557000000.0,1167084.2,0.431083
2019-04-23,375.2673,379.29758,383.5971,366.91412,373.0385,377.89944,2434481.5,69407347000000.0,1165161.8,0.4308721
2019-04-24,375.50208,379.6018,383.81836,367.173,373.22726,378.14984,2432501.5,69310400000000.0,1163856.2,0.43080696
2019-04-25,375.4546,379.59885,383.74167,367.14996,373.12482,378.1168,2430664.2,69201226000000.0,1162855.2,0.43086603
2019-04-26,375.23846,379.4038,383.48553,366.9539,372.84888,377.91153,2428580.0,69077045000000.0,1161937.4,0.43102202
2019-04-30,374.9873,379.14838,383.1878,366.71255,372.53583,377.66705,2425901.8,68936268000000.0,1160912.9,0.43123055
2019-05-02,374.82144,378.95728,382.97327,366.54346,372.30905,377.50323,2422277.8,68778590000000.0,1159565.9,0.43145433
2019-05-03,374.84503,378.93774,382.9499,366.54855,372.27466,377.52475,2417513.2,68604600000000.0,1157759.0,0.4316534
2019-05-06,375.1542,379.19028,383.21692,366.82285,372.53134,377.82886,2411448.8,68418116000000.0,1155370.9,0.43178964
2019-05-07,375.77838,379.75455,383.8077,367.39844,373.11118,378.4451,2404267.2,68225930000000.0,1152410.9,0.4318406
2019-05-08,376.65912,380.5837,384.66693,368.22314,373.95758,379.31555,2396606.5,68039303000000.0,1149100.0,0.43180102
2019-05-09,377.66815,381.5614,385.66833,369.1773,374.94373,380.31247,2389319.2,67870743000000.0,1145770.8,0.43168584
2019-05-10,378.63272,382.52173,386.63843,370.0973,375.8961,381.26447,2383326.8,67732138000000.0,1142831.4,0.43152475
2019-05-13,379.36832,383.28265,387.38956,370.8065,376.62793,381.9885,2379396.2,67632422000000.0,1140660.5,0.43136093
2019-05-14,379.71448,383.68033,387.75574,371.1495,376.97528,382.32535,2378009.2,67575002000000.0,1139540.9,0.43124104
2019-05-15,379.5333,383.57242,387.59436,370.99173,376.7978,382.13742,2379504.5,67561836000000.0,1139694.8,0.43121174
2019-05-16,378.75833,382.88107,386.833,370.26486,376.02478,381.35834,2383800.8,67587023000000.0,1141177.0,0.431307
2019-05-17,377.3988,381.60382,385.47644,368.97336,374.6629,379.99664,2390457.0,67641810000000.0,1143868.9,0.43154636
2019-05-20,375.52106,379.79645,383.58887,367.1773,372.7775,378.11777,2398864.0,67715608000000.0,1147552.8,0.4319332
2019-05-21,373.30435,377.62094,381.34766,365.04446,370.54593,375.90103,2407919.8,67792104000000.0,1151802.8,0.4324422
2019-05-22,371.09055,375.39966,379.0924,362.89938,368.30844,373.6892,2415729.5,67847990000000.0,1155830.4,0.4330121
2019-05-23,369.2717,373.5166,377.2178,361.1178,366.45944,371.87296,2420468.8,67863730000000.0,1158783.2,0.43356127
2019-05-24,368.18216,372.31082,376.0676,360.02408,365.3383,370.78445,2420962.2,67826333000000.0,1160018.5,0.43400362
2019-05-27,368.07315,372.04736,375.9032,359.86508,365.20187,370.6734,2416650.2,67733610000000.0,1159126.4,0.43425632
2019-05-28,369.08286,372.88324,376.87323,360.78046,366.19366,371.67783,2407643.0,67592648000000.0,1155989.0,0.4342506
2019-05-29,371.17368,374.80795,378.94943,362.74323,368.28177,373.7604,2394936.2,67424690000000.0,1150882.8,0.43395367
2019-05-30,374.1899,377.68762,381.98007,365.61075,371.3113,376.7674,2379773.2,67246620000000.0,1144254.8,0.43336752
2019-05-31,377.8043,381.22098,385.64032,369.076,374.9562,380.37305,2364021.0,67083786000000.0,1136857.0,0.43254474
2019-06-03,381.62787,385.0276,389.53564,372.7676,378.82242,384.1917,2349450.0,66953192000000.0,1129521.2,0.43156588
2019-06-04,385.3336,388.7762,393.32837,376.37045,382.57584,387.90033,2337027.8,66861236000000.0,1122808.9,0.43052298
2019-06-06,388.6955,392.2239,396.77765,379.66214,385.9804,391.27548,2326927.0,66800348000000.0,1116986.2,0.42950505
2019-06-07,391.6092,395.2454,399.76587,382.5353,388.9234,394.21323,2318684.0,66754550000000.0,1112026.0,0.42858335
2019-06-10,394.10168,397.84393,402.30988,385.00705,391.42474,396.7387,2311334.5,66700510000000.0,1107649.1,0.42779705
2019-06-11,396.29355,400.12164,404.5253,387.18604,393.6018,398.96936,2303688.0,66614720000000.0,1103413.4,0.42715722
2019-06-12,398.3318,402.2163,406.5604,389.20856,395.60217,401.04755,2294795.0,66479358000000.0,1098903.1,0.42665282
2019-06-13,400.36368,404.27316,408.56827,391.2132,397.57727,403.11624,2284045.2,66284360000000.0,1093797.9,0.4262525
2019-06-14,402.44693,406.36078,410.61594,393.25684,399.59174,405.22946,2271544.2,66034493000000.0,1088039.6,0.4259302
2019-06-17,404.55435,408.46454,412.68533,395.31537,401.6249,407.35776,2257961.0,65741668000000.0,1081821.0,0.4256641
2019-06-18,406.6014,410.51178,414.6974,397.3104,403.59708,409.41666,2244125.2,65422530000000.0,1075443.5,0.42544582
2019-06-19,408.46213,412.38605,416.5296,399.1232,405.3857,411.28134,2230984.2,65095325000000.0,1069288.4,0.42527735
2019-06-20,410.00165,413.95605,418.04584,400.62546,406.8567,412.81906,2219345.0,64776042000000.0,1063726.2,0.4251714
2019-06-21,411.1053,415.10614,419.12787,401.7067,407.8941,413.91705,2209767.0,64476137000000.0,1059046.8,0.4251452
2019-06-24,411.66177,415.72388,419.6628,402.26013,408.38684,414.46555,2202765.0,64205710000000.0,1055517.0,0.42522058
2019-06-25,411.6164,415.7468,419.59238,402.23102,408.2781,414.41083,2198480.5,63967820000000.0,1053263.0,0.42541236
2019-06-26,410.98633,415.18262,418.93048,401.6336,407.58368,413.77112,2196664.2,63761820000000.0,1052237.4,0.42572454
2019-06-27,409.90753,414.15076,417.80933,400.5948,406.43704,412.68378,2196476.2,63578310000000.0,1052144.5,0.42613742
2019-06-28,408.5643,412.8282,416.41336,399.2904,405.02393,411.33252,2196967.8,63410240000000.0,1052576.1,0.42662197
2019-07-01,407.1749,411.42657,414.9638,397.92917,403.56412,409.93494,2197229.2,63247290000000.0,1053108.8,0.42713144
2019-07-02,405.98022,410.1845,413.70544,396.74356,402.30164,408.73154,2196325.5,63082173000000.0,1053283.9,0.4276106
2019-07-03,405.1793,409.3069,412.8438,395.92822,401.43985,407.92062,2193661.2,62911770000000.0,1052751.4,0.4280071
2019-07-04,404.87766,408.91254,412.49222,395.58978,401.08948,407.60693,2189206.2,62739444000000.0,1051382.5,0.42828187
2019-07-05,405.09772,409.03754,412.6787,395.7548,401.2761,407.8129,2183307.8,62571978000000.0,1049233.6,0.42840996
2019-07-08,405.7673,409.62546,413.33438,396.35916,401.9294,408.46698,2176635.5,62419700000000.0,1046522.6,0.4283902
2019-07-09,406.7163,410.52075,414.28976,397.2439,402.87946,409.39984,2170216.0,62295360000000.0,1043658.5,0.42824665
2019-07-10,407.69623,411.4861,415.29507,398.17337,403.87628,410.3641,2165290.0,62212850000000.0,1041184.75,0.42802632
2019-07-11,408.44147,412.25912,416.07968,398.8928,404.64987,411.09604,2162870.8,62179575000000.0,1039605.56,0.4277924
2019-07-12,408.7309,412.6132,416.4142,399.18726,404.9732,411.37604,2163579.5,62198555000000.0,1039298.06,0.42760724
2019-07-15,408.4324,412.40295,416.15723,398.92484,404.7074,411.073,2167462.8,62264447000000.0,1040411.3,0.42752275
2019-07-16,407.5115,411.5782,415.2661,398.06622,403.81226,410.1525,2174086.2,62366410000000.0,1042871.6,0.4275743
2019-07-17,406.05994,410.21036,413.82593,396.69247,402.37448,408.70535,2182490.8,62486220000000.0,1046360.9,0.42776805
2019-07-18,404.3133,408.51392,412.06882,395.02383,400.62708,406.96674,2191160.2,62602395000000.0,1050284.8,0.42807454
2019-07-19,402.59378,406.79715,410.31824,393.3664,398.89334,405.25742,2198413.5,62694580000000.0,1053907.1,0.42843786
2019-07-22,401.2078,405.36557,408.8871,392.01437,397.48425,403.88052,2202986.0,62748327000000.0,1056586.1,0.4287922
2019-07-23,400.35916,404.4357,407.99088,391.16782,396.61157,403.03705,2204454.8,62761627000000.0,1057984.9,0.4290758
2019-07-24,400.0699,404.05438,407.66458,390.85495,396.3061,402.7461,2203473.8,62747635000000.0,1058207.6,0.42925355
2019-07-25,400.18365,404.0937,407.7624,390.93298,396.41876,402.85,2201585.5,62730497000000.0,1057772.0,0.42931822
2019-07-26,400.42456,404.29828,408.0117,391.1428,396.6759,403.07446,2200557.2,62734922000000.0,1057390.1,0.42929858
2019-07-29,400.42096,404.31317,408.04034,391.13187,396.70627,403.0504,2202344.0,62788714000000.0,1057920.8,0.4292555
2019-07-30,399.83722,403.80078,407.5038,390.57675,396.1683,402.44598,2208300.0,62907360000000.0,1060068.8,0.42926025
2019-07-31,398.46198,402.53458,406.17798,389.27014,394.84277,401.0538,2218805.2,63093820000000.0,1064178.4,0.42937902
2019-08-01,396.2289,400.42603,403.98413,387.1417,392.6555,398.80972,2233406.8,63338143000000.0,1070228.6,0.42965987
2019-08-02,393.224,397.53644,400.99872,384.26657,389.68634,395.79993,2250975.0,63621200000000.0,1077870.1,0.43012285
2019-08-05,389.65594,394.0529,397.4263,380.83847,386.14148,392.2314,2270020.5,63920320000000.0,1086531.0,0.43075544
2019-08-06,385.8148,390.25058,393.5576,377.1316,382.31143,388.3916,2288907.8,64211640000000.0,1095504.2,0.43151787
2019-08-07,381.97382,386.40134,389.67343,373.40833,378.475,384.55014,2306516.0,64482634000000.0,1104221.9,0.4323556
2019-08-08,378.4221,382.79312,386.07043,369.9468,374.92563,380.99426,2321796.0,64720464000000.0,1112135.0,0.43319532
2019-08-09,375.39935,379.67484,382.99744,366.98163,371.90973,377.96252,2334109.2,64923695000000.0,1118835.9,0.43396395
2019-08-13,373.06418,377.21826,380.62177,364.67056,369.5909,375.61322,2343284.8,65094935000000.0,1124116.8,0.4345987
2019-08-14,371.44476,375.47284,378.97964,363.04788,368.00272,373.97437,2349833.8,65247163000000.0,1128058.6,0.4350603
2019-08-16,370.3928,374.3167,377.92987,361.97855,367.0007,372.89767,2355058.5,65399706000000.0,1131100.5,0.4353468
2019-08-19,369.61005,373.47498,377.17743,361.1827,366.28864,372.08643,2360891.8,65581143000000.0,1134023.0,0.4354929
2019-08-20,368.79492,372.65118,376.41595,360.37286,365.56076,371.24353,2368811.5,65810450000000.0,1137535.0,0.43555126
2019-08-21,367.72885,371.6191,375.41544,359.3372,364.59003,370.15448,2379256.2,66087366000000.0,1141960.2,0.435586
2019-08-22,366.2824,370.23477,374.03473,357.94763,363.2397,368.6929,2392196.0,66408084000000.0,1147439.0,0.43565455
2019-08-23,364.42023,368.44598,372.22882,356.16495,361.46777,366.8238,2407100.5,66758630000000.0,1153868.5,0.4358013
2019-08-26,362.20444,366.29642,370.053,354.04294,359.3312,364.60825,2423047.0,67118960000000.0,1160947.8,0.43604976
2019-08-27,359.7882,363.92322,367.65823,351.72418,356.9814,362.19797,2438876.2,67468383000000.0,1168227.1,0.4363943
2019-08-28,357.39172,361.53458,365.2644,349.41638,354.6376,359.8105,2453246.2,67785225000000.0,1175128.0,0.436809
2019-08-29,355.25223,359.36438,363.11328,347.3456,352.53983,357.68,2465084.2,68054110000000.0,1181121.4,0.4372432
2019-08-30,353.58685,357.63193,361.42764,345.72104,350.9081,356.02115,2473614.0,68265603000000.0,1185780.9,0.4376393
2019-09-03,352.53336,356.48654,360.35385,344.67813,349.8856,354.96982,2478704.5,68422503000000.0,1188923.2,0.43794194
2019-09-04,352.13672,355.98856,359.94485,344.26483,349.52182,354.57037,2480738.8,68534590000000.0,1190595.5,0.43810883
2019-09-05,352.36487,356.12076,360.17444,344.45502,349.78806,354.79166,2480423.0,68616600000000.0,1191015.4,0.4381126
2019-09-06,353.1,356.78006,360.92795,345.14066,350.56824,355.5177,2478698.2,68685595000000.0,1190538.0,0.43795407
2019-09-09,354.15662,357.7926,362.02042,346.14725,351.67703,356.56525,2476661.5,68758570000000.0,1189626.8,0.43765783
2019-09-11,355.29776,358.92963,363.21265,347.2493,352.87613,357.6991,2475457.2,68851107000000.0,1188804.0,0.43727145
2019-09-12,356.29288,359.9595,364.26816,348.22485,353.9311,358.69095,2475922.2,68971013000000.0,1188516.0,0.43685558
2019-09-13,356.9858,360.7164,365.02283,348.92078,354.6809,359.38647,2478306.5,69116690000000.0,1188986.4,0.43646607
2019-09-16,357.32687,361.13364,365.4173,349.2841,355.06976,359.73688,2482214.8,69277483000000.0,1190174.5,0.4361455
2019-09-17,357.34125,361.22232,365.47073,349.3344,355.1198,359.7666,2486981.2,69439870000000.0,1191877.4,0.4359205
2019-09-18,357.13553,361.0741,365.28604,349.16873,354.93518,359.58008,2491720.8,69586926000000.0,1193765.8,0.43579152
2019-09-19,356.85638,360.8273,365.01035,348.92508,354.6635,359.32175,2495564.8,69705330000000.0,1195464.8,0.43574104
2019-09-20,356.65347,360.6293,364.79666,348.74567,354.45633,359.13846,2497814.8,69783670000000.0,1196627.9,0.4357398
2019-09-23,356.61935,360.57907,364.74475,348.72073,354.41104,359.11996,2498332.2,69822184000000.0,1197112.8,0.43575665
2019-09-24,356.8367,360.7623,364.94333,348.9314,354.6136,359.34918,2497023.5,69821518000000.0,1196825.8,0.43575653
2019-09-25,357.45477,361.32553,365.54288,349.52145,355.21375,359.97693,2493340.8,69779092000000.0,1195504.9,0.43569148
2019-09-26,358.62418,362.42047,366.6951,350.63754,356.36298,361.15536,2486749.0,69694594000000.0,1192882.2,0.43551695
2019-09-27,360.44904,364.15875,368.50818,352.38278,358.1681,362.98886,2477080.8,69570220000000.0,1188810.1,0.43519366
2019-09-30,362.95236,366.57486,371.0092,354.78326,360.65408,365.5004,2464591.0,69412447000000.0,1183323.5,0.43469924
2019-10-01,366.0716,369.61914,374.1388,357.7829,363.76007,368.62787,2449925.5,69231635000000.0,1176638.8,0.43403026
2019-10-03,369.67697,373.17233,377.76843,361.26053,367.3564,372.2425,2433904.2,69038458000000.0,1169085.0,0.43320376
2019-10-04,373.56625,377.04324,381.69556,365.0248,371.24112,376.14285,2417554.8,68846103000000.0,1161103.1,0.4322606
2019-10-07,377.49545,380.99222,385.6728,368.84216,375.16794,380.0858,2401923.5,68664183000000.0,1153190.1,0.43125877
2019-10-09,381.2395,384.79218,389.4691,372.495,378.9084,383.84732,2387738.2,68497220000000.0,1145744.4,0.4302625
2019-10-10,384.54095,388.1866,392.8224,375.7347,382.20285,387.16907,2375815.2,68350344000000.0,1139192.9,0.42935082
2019-10-11,387.14407,390.91592,395.4719,378.31158,384.79276,389.79376,2366972.5,68226248000000.0,1133976.0,0.42860007
2019-10-14,388.94467,392.85538,397.30408,380.1181,386.5675,391.61765,2361105.8,68115912000000.0,1130201.2,0.42805612
2019-10-15,389.97644,394.0188,398.34506,381.17984,387.55734,392.67456,2357417.0,68007573000000.0,1127648.1,0.4277415
2019-10-16,390.4026,394.5478,398.75336,381.64624,387.92285,393.1265,2354705.5,67883527000000.0,1125879.6,0.42764246
2019-10-17,390.51035,394.7114,398.81558,381.7877,387.95126,393.25882,2351376.0,67723760000000.0,1124229.0,0.42771062
2019-10-18,390.61862,394.82172,398.85577,381.9086,387.9657,393.3882,2346031.5,67514193000000.0,1122034.4,0.42787716
2019-10-22,391.02472,395.1779,399.18094,382.29614,388.2698,393.8099,2337717.0,67248165000000.0,1118771.8,0.42806098
2019-10-23,391.98706,396.04666,400.06012,383.20276,389.1292,394.7816,2325811.8,66925320000000.0,1114037.4,0.42817914
2019-10-24,393.64117,397.5836,401.63956,384.76514,390.68735,396.43765,2310441.0,66557095000000.0,1107716.5,0.42816758
2019-10-25,395.89835,399.731,403.84293,386.90753,392.864,398.6883,2292924.2,66167633000000.0,1100202.9,0.4280045
2019-10-27,398.45398,402.21674,406.37518,389.3468,395.36154,401.2294,2275547.0,65792696000000.0,1092363.4,0.42771322
2019-10-29,400.91367,404.66507,408.842,391.70947,397.7854,403.6696,2260519.5,65462140000000.0,1085154.2,0.42735225
2019-10-30,402.84357,406.6509,410.80228,393.58112,399.6978,405.5788,2249755.8,65201180000000.0,1079494.8,0.4270124
2019-10-31,403.89642,407.81683,411.89615,394.62448,400.74323,406.61353,2244407.0,65020583000000.0,1076060.4,0.42678127
2019-11-01,403.8606,407.93173,411.89658,394.62976,400.70062,406.56522,2244664.2,64919530000000.0,1075142.8,0.4267379
2019-11-04,402.6906,406.92313,410.7449,393.54434,399.51578,405.38907,2249915.5,64883945000000.0,1076667.4,0.42693165
2019-11-05,400.5192,404.89484,408.56473,391.4861,397.31558,403.21695,2258820.2,64892464000000.0,1080199.2,0.42737263
2019-11-06,397.63776,402.11234,405.6438,388.72723,394.38904,400.33844,2269517.5,64918790000000.0,1085006.1,0.42802963
2019-11-07,394.4178,398.9319,402.3572,385.62036,391.11072,397.12195,2280142.5,64940484000000.0,1090258.5,0.42883995
2019-11-08,391.23993,395.73065,399.09454,382.5307,387.8672,393.94446,2289145.2,64939998000000.0,1095180.4,0.42972124
2019-11-11,388.44904,392.8591,396.21283,379.79236,385.012,391.1482,2295494.2,64910323000000.0,1099168.8,0.43057787
2019-11-13,386.2819,390.57083,393.9616,377.6395,382.79065,388.96857,2298820.8,64854707000000.0,1101884.2,0.43132737
2019-11-14,384.8632,389.0105,392.4766,376.1996,381.33487,387.53012,2299353.2,64783135000000.0,1103255.2,0.43190187
2019-11-15,384.1203,388.13583,391.6952,375.413,380.5795,386.7607,2298275.5,64720470000000.0,1103631.6,0.43227595
2019-11-18,383.78165,387.7052,391.35254,375.0281,380.25696,386.38977,2297583.0,64696187000000.0,1103767.8,0.43247
2019-11-19,383.46613,387.35757,391.06683,374.68457,379.98502,386.0392,2299349.2,64737000000000.0,1104554.1,0.43254384
2019-11-20,382.76932,386.6958,390.42645,373.99557,379.3539,385.30862,2305294.5,64862223000000.0,1106827.0,0.43258336
2019-11-21,381.38977,385.4052,389.11514,372.66788,378.0519,383.9011,2316176.5,65075700000000.0,1111108.4,0.43267614
2019-11-22,379.24088,383.36966,387.02866,370.61044,375.98013,381.7345,2331333.5,65360720000000.0,1117350.4,0.43288633
2019-11-25,376.42957,380.66486,384.25986,367.9171,373.23633,378.91675,2349192.2,65689460000000.0,1125060.0,0.43324617
2019-11-26,373.2548,377.55728,381.09885,364.8659,370.11224,375.7455,2367460.5,66022262000000.0,1133362.8,0.4337411
2019-11-27,370.0509,374.3691,377.88147,361.7739,366.94348,372.55032,2384167.5,66328858000000.0,1141378.5,0.43433338
2019-11-28,367.18527,371.45898,374.98108,358.99106,364.09943,369.69406,2397664.2,66582790000000.0,1148313.5,0.4349484
2019-11-29,364.98663,369.16116,372.73703,356.83548,361.91568,367.50195,2406832.0,66772934000000.0,1153536.1,0.43550023
2019-12-02,363.62164,367.6648,371.33054,355.47345,360.5679,366.13696,2411687.8,66905067000000.0,1156845.8,0.43591797
2019-12-03,363.10742,367.0117,370.7913,354.9288,360.08017,365.61526,2413006.2,66993610000000.0,1158399.5,0.4361516
2019-12-04,363.32977,367.11227,371.01254,355.09894,360.34265,365.82358,2412071.8,67062060000000.0,1158627.0,0.43618032
2019-12-05,364.05414,367.75296,371.76266,355.76477,361.12225,366.52988,2410484.2,67135750000000.0,1158163.6,0.43602037
2019-12-06,364.974,368.6402,372.73312,356.6361,362.11075,367.4315,2409811.2,67236080000000.0,1157710.6,0.43572283
2019-12-09,365.77917,369.46646,373.60666,357.41595,362.99332,368.2218,2411294.2,67377880000000.0,1157896.2,0.4353585
2019-12-10,366.2397,369.9907,374.1418,357.88013,363.53217,368.6743,2415432.0,67561975000000.0,1159090.9,0.4350007
2019-12-11,366.25354,370.09167,374.22433,357.9252,363.61755,368.68918,2421899.8,67777390000000.0,1161320.8,0.43470943
2019-12-12,365.81973,369.74942,373.84378,357.54385,363.24265,368.2647,2429958.8,68007603000000.0,1164393.5,0.4345267
2019-12-13,365.0413,369.04736,373.0977,356.82855,362.50674,367.5023,2438540.0,68231060000000.0,1167932.9,0.43446535
2019-12-16,364.10934,368.16104,372.17523,355.95776,361.5996,366.59033,2446353.8,68426228000000.0,1171414.5,0.43450996
2019-12-17,363.21683,367.2801,371.27368,355.11472,360.7176,365.71786,2452484.5,68580452000000.0,1174390.8,0.43462697
2019-12-18,362.4705,366.52014,370.5083,354.40277,359.9732,364.98724,2456767.2,68692320000000.0,1176682.1,0.43478402
2019-12-19,361.92245,365.94254,369.93954,353.8737,359.42377,364.44867,2459428.8,68766415000000.0,1178290.5,0.43494582
2019-12-20,361.5745,365.55966,369.5747,353.53207,359.07483,364.10355,2460851.5,68812016000000.0,1179306.6,0.43508816
2019-12-23,361.38293,365.33752,369.3738,353.3386,358.88525,363.9091,2461554.2,68839006000000.0,1179902.6,0.4351982
2019-12-24,361.2868,365.21985,369.27667,353.237,358.7954,363.8065,2462081.0,68860674000000.0,1180309.1,0.43527013
2019-12-26,361.24274,365.16306,369.23773,353.187,358.76105,363.75513,2462695.0,68884586000000.0,1180666.6,0.43530554
2019-12-27,361.23755,365.1511,369.24094,353.1763,358.76746,363.74405,2463377.2,68912210000000.0,1181000.8,0.4353085
2019-12-30,361.29108,365.1987,369.30295,353.22348,358.83224,363.79407,2463903.8,68940750000000.0,1181249.0,0.43528062
2019-12-31,361.45877,365.35553,369.477,353.3812,359.00934,363.9615,2463877.2,68964470000000.0,1181265.9,0.4352178
2020-01-01,361.75327,365.63803,369.77695,353.66275,359.3123,364.2576,2463223.8,68982447000000.0,1180995.0,0.43512434
2020-01-02,362.19412,366.06342,370.22272,354.08633,359.7599,364.70166,2461890.8,68991146000000.0,1180413.9,0.43499568
2020-01-03,362.8246,366.67398,370.85782,354.69348,360.39523,365.33688,2459633.8,68987296000000.0,1179412.8,0.43482488
2020-01-06,363.6634,367.49088,371.70218,355.50293,361.23773,366.18155,2456412.2,68971060000000.0,1177953.4,0.4346076
2020-01-07,364.72,368.52478,372.76535,356.5239,362.29636,367.2448,2452207.5,68940538000000.0,1176015.8,0.43434066
2020-01-08,365.95596,369.74405,374.01138,357.7207,363.53436,368.4875,2447320.2,68900675000000.0,1173697.4,0.43402848
2020-01-09,367.2973,371.07996,375.3674,359.0232,364.87848,369.83502,2442207.8,68856350000000.0,1171177.8,0.43368104
2020-01-10,368.67023,372.45856,376.75818,360.36035,366.25342,371.21487,2437168.2,68810283000000.0,1168612.8,0.43331444
2020-01-13,370.0258,373.82907,378.1326,361.68466,367.6093,372.57874,2432317.0,68764037000000.0,1166081.5,0.43294325
2020-01-14,371.33026,375.15472,379.45438,362.96252,368.91092,373.89325,2427660.8,68716532000000.0,1163620.4,0.4325819
2020-01-15,372.56415,376.4128,380.70187,364.1739,370.13766,375.1387,2423140.0,68665332000000.0,1161230.4,0.43224293
2020-01-16,373.72772,377.60016,381.8742,365.3174,371.28888,376.31467,2418615.0,68605970000000.0,1158868.9,0.4319337
2020-01-17,374.8485,378.73965,382.99786,366.41806,372.39136,377.44843,2413846.8,68533946000000.0,1156450.9,0.4316536
2020-01-20,375.9366,379.84256,384.084,367.48575,373.45706,378.54938,2408820.2,68451314000000.0,1153962.6,0.43140194
2020-01-21,376.9912,380.90903,385.13318,368.51898,374.48575,379.61523,2403593.5,68357382000000.0,1151410.9,0.43117726
2020-01-22,377.95468,381.88885,386.0905,369.4635,375.4223,380.58713,2398562.2,68257705000000.0,1148932.0,0.4309877
2020-01-23,378.74582,382.7043,386.87704,370.24167,376.18686,381.3834,2394257.8,68159010000000.0,1146747.4,0.43084183
2020-01-24,379.30737,383.29657,387.43393,370.7981,376.7217,381.948,2390929.2,68066004000000.0,1144993.8,0.4307493
2020-01-27,379.64148,383.66183,387.7611,371.13345,377.02798,382.28424,2388461.5,67978524000000.0,1143661.0,0.43071082
2020-01-28,379.7866,383.83252,387.8943,371.28342,377.1429,382.43143,2386534.5,67894000000000.0,1142646.1,0.4307239
2020-01-29,379.7693,383.83566,387.86093,371.27356,377.09467,382.41556,2385035.8,67812966000000.0,1141891.4,0.43078566
2020-01-30,379.64108,383.7184,387.71283,371.1522,376.9342,382.28784,2383739.8,67731120000000.0,1141304.6,0.43088418
2020-01-31,379.46494,383.54306,387.51385,370.9802,376.72568,382.1112,2382376.2,67647622000000.0,1140758.4,0.43100598
2020-02-01,379.25296,383.32727,387.27914,370.77057,376.48364,381.89676,2381051.2,67565766000000.0,1140258.0,0.43114415
2020-02-03,379.00198,383.0709,387.0072,370.52066,376.20587,381.6407,2379968.8,67488587000000.0,1139865.5,0.43128997
2020-02-04,378.66263,382.7313,386.65118,370.18515,375.84528,381.29355,2379541.5,67424270000000.0,1139731.6,0.4314462
2020-02-05,378.1656,382.24237,386.1431,369.69855,375.33316,380.78668,2380208.5,67379050000000.0,1140045.6,0.43162113
2020-02-06,377.47107,381.5631,385.44125,369.02246,374.62888,380.08145,2382144.8,67356957000000.0,1140906.6,0.4318212
2020-02-07,376.48917,380.60846,384.45593,368.07196,373.64365,379.08817,2385776.0,67365727000000.0,1142504.9,0.43206882
2020-02-10,375.1552,379.31113,383.12067,366.78336,372.31104,377.7424,2391334.0,67405552000000.0,1144970.5,0.43238044
2020-02-11,373.49255,377.68393,381.45407,365.1764,370.6513,376.06882,2398466.2,67470883000000.0,1148216.6,0.43275952
2020-02-12,371.58838,375.80435,379.5401,363.33286,368.74985,374.15552,2406497.8,67553167000000.0,1151997.1,0.4332007
2020-02-13,369.61917,373.83618,377.55258,361.4197,366.78098,372.17947,2414372.5,67637074000000.0,1155885.6,0.433677
2020-02-14,367.79324,371.9819,375.70035,359.63632,364.95334,370.34814,2421035.5,67710030000000.0,1159405.5,0.4341506
2020-02-17,366.30414,370.43503,374.1804,358.16946,363.4621,368.85397,2425715.2,67762190000000.0,1162162.6,0.434577
2020-02-18,365.2624,369.3175,373.1105,357.12894,362.42233,367.80505,2428281.8,67794595000000.0,1163988.8,0.43491778
2020-02-19,364.6748,368.65002,372.5039,356.52542,361.84412,367.20734,2429164.0,67813956000000.0,1164972.0,0.43515015
2020-02-20,364.4849,368.38962,372.30984,356.3089,361.6738,367.00464,2429051.0,67831790000000.0,1165335.6,0.4352622
2020-02-24,364.5571,368.41296,372.3939,356.3529,361.77625,367.06268,2428803.8,67861220000000.0,1165421.6,0.43526858
2020-02-25,364.73065,368.56528,372.59335,356.50473,361.98904,367.22256,2429243.5,67912950000000.0,1165601.0,0.43519607
2020-02-26,364.82794,368.6727,372.72714,356.59412,362.1321,367.3078,2431080.8,67994490000000.0,1166217.5,0.43508613
2020-02-27,364.65356,368.53992,372.59552,356.433,362.0077,367.12415,2435057.5,68113635000000.0,1167656.1,0.4349897
2020-02-28,364.07574,368.02655,372.06012,355.8915,361.47937,366.541,2441381.5,68267515000000.0,1170103.0,0.43495366
2020-03-02,363.01163,367.04108,371.03165,354.8864,360.4606,365.47504,2449967.2,68450332000000.0,1173605.0,0.4350211
2020-03-03,361.4175,365.53018,369.46274,353.37177,358.90564,363.88168,2460648.0,68654994000000.0,1178160.0,0.43522337
2020-03-04,359.29688,363.4886,367.3548,351.34723,356.81708,361.76276,2473086.5,68873200000000.0,1183668.5,0.43557966
2020-03-05,356.724,360.97928,364.7803,348.8801,354.2683,359.19144,2486665.8,69093714000000.0,1189906.1,0.43608907
2020-03-06,353.87143,358.16125,361.9105,346.13254,351.43127,356.33994,2500336.0,69301640000000.0,1196450.4,0.43672603
2020-03-09,350.95428,355.24338,358.96213,343.30945,348.52307,353.4218,2513025.0,69484505000000.0,1202809.2,0.43744892
2020-03-11,348.17343,352.42682,356.14072,340.60425,345.7477,350.63617,2523992.5,69634703000000.0,1208592.8,0.438206
2020-03-12,345.60898,349.8066,353.5356,338.09814,343.19217,348.06055,2533374.2,69759370000000.0,1213732.6,0.43895975
2020-03-13,343.17596,347.32208,351.07147,335.71484,340.7783,345.60715,2542281.5,69877630000000.0,1218566.5,0.43969607
2020-03-16,340.60284,344.7295,348.4856,333.1994,338.241,343.0031,2552697.2,70018906000000.0,1223842.1,0.44043845
2020-03-17,337.59607,341.7431,345.484,330.27222,335.2861,339.95844,2566237.2,70205030000000.0,1230294.9,0.44122887
2020-03-18,333.89844,338.1052,341.80377,326.68707,331.6542,336.2204,2583866.5,70451000000000.0,1238446.2,0.44212893
2020-03-19,329.35822,333.65033,337.2831,322.2951,327.1881,331.64133,2605695.0,70756050000000.0,1248499.4,0.4431985
2020-03-20,323.96094,328.34302,331.89624,317.07718,321.86737,326.20895,2630986.8,71105460000000.0,1260294.8,0.4444832
2020-03-23,317.82507,322.2785,325.7533,311.1415,315.80576,320.04245,2658367.5,71474010000000.0,1273365.2,0.44600523
2020-03-24,311.13995,315.63153,319.03934,304.6654,309.19128,313.32822,2686369.0,71836210000000.0,1287112.6,0.44776413
2020-03-25,304.08365,308.5746,311.93536,297.81805,302.20395,306.2404,2713909.5,72170080000000.0,1301040.5,0.44974586
2020-03-26,296.8563,301.3028,304.64566,290.79092,295.04572,298.97693,2739944.2,72455840000000.0,1314659.1,0.45191732
2020-03-27,289.73383,294.0856,297.44928,283.84833,287.99344,291.81247,2763129.5,72672350000000.0,1327334.4,0.45421657
2020-03-30,283.00238,287.2076,290.6351,277.26627,281.33383,285.0324,2782240.8,72804284000000.0,1338457.5,0.45656845
2020-03-31,276.90442,280.91885,284.45123,271.28082,275.3116,278.87787,2796564.8,72845900000000.0,1347594.1,0.45889038
2020-04-01,271.62738,275.41824,279.0921,266.07632,270.116,273.53607,2805853.5,72798714000000.0,1354500.9,0.46109676
2020-04-03,267.3153,270.8609,274.70602,261.7954,265.89053,269.1522,2810132.5,72670390000000.0,1359071.9,0.46310318
2020-04-07,263.9855,267.28574,271.31815,258.46194,262.6549,265.74457,2810203.0,72482720000000.0,1361512.1,0.46484882
2020-04-08,261.54315,264.6187,268.83932,255.99092,260.31497,263.22055,2807358.2,72262870000000.0,1362280.5,0.4663002
2020-04-09,259.84424,262.72827,267.12662,254.24841,258.72464,261.44043,2802892.8,72037470000000.0,1361913.0,0.46744594
2020-04-13,258.71985,261.45306,266.00955,253.07552,257.7126,260.23978,2797934.2,71829754000000.0,1360917.2,0.4683004
2020-04-15,258.005,260.6292,265.3193,252.31534,257.1103,259.45767,2793317.5,71655775000000.0,1359715.4,0.4688965
2020-04-16,257.5806,260.13138,264.93118,251.853,256.7945,258.97842,2789400.2,71521310000000.0,1358553.6,0.4692743
2020-04-17,257.38644,259.8898,264.77832,251.62857,256.70084,258.74344,2786119.5,71424540000000.0,1357493.6,0.46947223
2020-04-20,257.38895,259.86246,264.82254,251.60767,256.79318,258.71912,2783310.5,71360960000000.0,1356531.1,0.4695254
2020-04-21,257.61154,260.06284,265.08368,251.80942,257.0929,258.92755,2780527.2,71319570000000.0,1355523.6,0.46945515
2020-04-22,258.07104,260.50412,265.57776,252.24811,257.61688,259.38324,2777531.5,71294620000000.0,1354375.6,0.46927685
2020-04-23,258.80417,261.21912,266.34167,252.95645,258.40207,260.12024,2774037.0,71277890000000.0,1352960.8,0.46899503
2020-04-24,259.81635,262.21487,267.3834,253.9392,259.45596,261.14188,2770056.8,71268570000000.0,1351259.1,0.46861234
2020-04-27,261.07242,263.4618,268.6708,255.1625,260.74625,262.41064,2765868.5,71270270000000.0,1349353.2,0.46813518
2020-04-28,262.5106,264.90228,270.14398,256.56683,262.21283,263.8639,2761870.8,71288085000000.0,1347397.9,0.46757257
2020-04-29,264.0449,266.45422,271.71793,258.0697,263.77142,265.41537,2758509.2,71328225000000.0,1345583.2,0.4669414
2020-04-30,265.6185,268.0582,273.33456,259.61554,265.36505,267.00882,2755906.8,71390326000000.0,1343994.6,0.46626043
2020-05-04,267.20505,269.68286,274.96487,261.17825,266.96658,268.61935,2753980.5,71472860000000.0,1342642.2,0.46554378
2020-05-05,268.74988,271.27588,276.5529,262.70493,268.52252,270.19083,2752832.0,71576955000000.0,1341573.5,0.4648157
2020-05-06,270.20734,272.78888,278.0517,264.14984,269.98706,271.6767,2752488.2,71697540000000.0,1340825.1,0.46409756
2020-05-07,271.5286,274.17166,279.41162,265.4655,271.31155,273.02777,2753028.8,71833130000000.0,1340453.8,0.4634098
2020-05-08,272.71594,275.41965,280.63306,266.65234,272.4975,274.2463,2754167.8,71975620000000.0,1340377.5,0.4627657
2020-05-11,273.80246,276.56042,281.74762,267.74075,273.57776,275.36508,2755491.5,72116940000000.0,1340443.5,0.46217003
2020-05-12,274.8637,277.66333,282.82935,268.80176,274.62704,276.4595,2756468.8,72248160000000.0,1340440.2,0.46161324
2020-05-13,275.93835,278.77005,283.91922,269.87256,275.6864,277.56577,2756887.5,72365610000000.0,1340239.9,0.46109176
2020-05-14,277.0607,279.9156,285.0534,270.9855,276.79068,278.71722,2756665.5,72466340000000.0,1339786.4,0.46059158
2020-05-15,278.2798,281.14838,286.28207,272.18784,277.98923,279.96338,2755649.2,72549200000000.0,1339001.2,0.4600932
2020-05-18,279.65768,282.53046,287.6681,273.53943,279.34454,281.36646,2753600.2,72612690000000.0,1337765.2,0.45957622
2020-05-19,281.24484,284.11465,289.26282,275.08948,280.9076,282.97708,2750442.0,72658570000000.0,1336017.2,0.45901692
2020-05-20,283.06604,285.92944,291.09344,276.8632,282.70413,284.82025,2746248.5,72690000000000.0,1333759.1,0.4583983
2020-05-21,285.13727,287.99365,293.17783,278.87772,284.75073,286.9131,2741131.0,72711180000000.0,1331019.9,0.45770404
2020-05-22,287.45676,290.3094,295.51505,281.13275,287.0461,289.2543,2735246.0,72727280000000.0,1327846.2,0.4569265
2020-05-26,290.0032,292.85886,298.08417,283.60895,289.56894,291.82315,2728841.5,72743600000000.0,1324332.5,0.45606235
2020-05-27,292.71127,295.58224,300.82108,286.2453,292.25476,294.55478,2722352.2,72767480000000.0,1320654.1,0.45512065
2020-05-28,295.49133,298.39334,303.63635,288.95682,295.0142,297.36,2716222.2,72804410000000.0,1317010.1,0.45412216
2020-05-29,298.25507,301.20404,306.4405,291.65887,297.7583,300.15143,2710785.8,72857710000000.0,1313574.8,0.45309168
2020-06-01,300.8696,303.88617,309.09952,294.22437,300.35483,302.79544,2706566.8,72933600000000.0,1310587.1,0.45207003
2020-06-02,303.28,306.37457,311.55356,296.5973,302.74515,305.23822,2703497.2,73024630000000.0,1308098.4,0.45108402
2020-06-03,305.50793,308.67953,313.81894,298.79602,304.9483,307.50238,2701049.0,73120946000000.0,1305952.8,0.4501495
2020-06-04,307.5992,310.84018,315.93893,300.86258,307.0091,309.63272,2698675.8,73212320000000.0,1303946.5,0.44927788
2020-06-05,309.60028,312.90027,317.95993,302.84003,308.9742,311.67368,2696012.0,73290505000000.0,1301918.1,0.4484705
2020-06-08,311.6102,314.95145,319.98013,304.82068,310.94144,313.7231,2692466.2,73343500000000.0,1299620.2,0.44771063
2020-06-09,313.70926,317.07547,322.0823,306.882,312.993,315.85968,2687699.2,73367560000000.0,1296868.0,0.44697982
2020-06-10,315.94858,319.3277,324.3212,309.0737,315.18207,318.13345,2681660.8,73362540000000.0,1293591.8,0.44625568
2020-06-11,318.38632,321.76736,326.75696,311.45193,317.56747,320.60245,2674242.5,73328030000000.0,1289713.9,0.4455128
2020-06-12,321.00992,324.39215,329.38092,314.00748,320.13956,323.25378,2665789.5,73273150000000.0,1285324.5,0.44473886
2020-06-15,323.773,327.16168,332.14902,316.6973,322.8532,326.04138,2656759.0,73205210000000.0,1280592.2,0.44392866
2020-06-16,326.59747,330.0036,334.98453,319.44843,325.63126,328.88828,2647658.5,73133040000000.0,1275727.9,0.44309044
2020-06-17,329.3823,332.82062,337.7857,322.1648,328.37253,331.69403,2638982.5,73063895000000.0,1270954.4,0.4422458
2020-06-18,331.99054,335.48044,340.41507,324.716,330.9403,334.32245,2631388.8,73006836000000.0,1266571.4,0.44142467
2020-06-19,334.31113,337.86887,342.7582,326.9941,333.2217,336.6633,2625215.2,72963740000000.0,1262780.8,0.44065973
2020-06-22,336.2291,339.8697,344.69785,328.88806,335.10138,338.6018,2620779.5,72937520000000.0,1259767.6,0.43999028
2020-06-23,337.7194,341.4457,346.20316,330.36984,336.55032,340.1136,2617839.0,72920120000000.0,1257511.6,0.4394384
2020-06-24,338.82886,342.63254,347.317,331.4815,337.6138,341.24588,2615811.0,72902790000000.0,1255825.8,0.43901193
2020-06-25,339.64508,343.50958,348.1249,332.30457,338.37836,342.08496,2614029.8,72874460000000.0,1254446.9,0.43870845
2020-06-26,340.2458,344.1536,348.70615,332.91223,338.92297,342.70593,2612107.0,72828905000000.0,1253182.1,0.43851718
2020-06-29,340.6792,344.61554,349.1128,333.3505,339.29843,343.155,2609981.2,72765030000000.0,1251961.9,0.43842128
2020-06-30,340.95917,344.91467,349.363,333.63364,339.52158,343.44492,2607841.8,72687540000000.0,1250820.5,0.43840444
2020-07-01,341.089,345.05765,349.463,333.7658,339.5977,343.57913,2605894.0,72601725000000.0,1249820.1,0.4384517
2020-07-02,341.11322,345.08673,349.45718,333.78986,339.571,343.6037,2604010.8,72508470000000.0,1248908.9,0.43854353
2020-07-03,341.10956,345.0765,349.4229,333.78094,339.51935,343.5979,2601872.8,72407580000000.0,1247953.6,0.4386561
2020-07-06,341.20892,345.1515,349.49,333.8652,339.57214,343.69495,2598865.8,72293645000000.0,1246699.6,0.43875653
2020-07-07,341.5684,345.466,349.81577,334.19437,339.88635,344.05264,2594290.2,72161120000000.0,1244823.9,0.43880853
2020-07-08,342.28256,346.12216,350.49863,334.862,340.55905,344.7644,2587971.8,72011460000000.0,1242177.2,0.43878224
2020-07-09,343.32443,347.1083,351.51755,335.84598,341.5665,345.80142,2580509.5,71854940000000.0,1238921.2,0.43866473
2020-07-10,344.5704,348.31564,352.75406,337.03134,342.78763,347.0398,2572916.5,71706010000000.0,1235428.9,0.43846247
2020-07-13,345.8458,349.57968,354.03424,338.25284,344.048,348.3058,2566239.0,71579440000000.0,1232138.9,0.43820012
2020-07-14,346.91785,350.67627,355.1245,339.289,345.11502,349.36795,2561642.2,71491845000000.0,1229576.4,0.43792418
2020-07-15,347.52356,351.3468,355.75848,339.8874,345.7241,349.96426,2560236.2,71456060000000.0,1228277.0,0.43769887
2020-07-16,347.40573,351.33206,355.67325,339.79868,345.61533,349.83807,2562922.0,71480000000000.0,1228721.0,0.43759683
2020-07-17,346.36203,350.4204,354.65918,338.8247,344.58264,348.78787,2570160.5,71564610000000.0,1231232.4,0.43768764
2020-07-20,344.32544,348.52493,352.64005,336.89453,342.5538,346.74738,2581568.0,71698146000000.0,1235794.4,0.43802127
2020-07-21,341.39133,345.71594,349.70255,334.09256,339.6195,343.81238,2595938.0,71859140000000.0,1242022.0,0.4386165
2020-07-22,337.8224,342.2298,346.10358,330.6642,336.03903,340.24506,2611387.0,72018680000000.0,1249191.8,0.43945178
2020-07-23,333.97794,338.4091,342.20264,326.95047,332.17273,336.40198,2625889.8,72148505000000.0,1256423.2,0.44047222
2020-07-24,330.22443,334.6155,338.3725,323.30255,328.39096,332.646,2637844.2,72227840000000.0,1262930.0,0.4415984
2020-07-27,326.897,331.18924,334.95816,320.04443,325.03433,329.30902,2646147.2,72244920000000.0,1268085.4,0.44273528
2020-07-28,324.17432,328.33124,332.15213,317.35446,322.2902,326.56665,2650828.2,72208220000000.0,1271693.4,0.44380152
2020-07-29,322.1203,326.12592,330.02988,315.30093,320.22818,324.48328,2652544.8,72134250000000.0,1273879.4,0.44472688
2020-07-30,320.7438,324.59927,328.60645,313.89868,318.85974,323.06992,2651967.8,72040480000000.0,1274823.4,0.44546175
2020-07-31,319.95532,323.67944,327.7956,313.06848,318.09653,322.24054,2650102.5,71949280000000.0,1274890.4,0.44598618
2020-08-03,319.63287,323.2538,327.4742,312.69724,317.8143,321.87708,2647833.5,71877060000000.0,1274454.5,0.44630197
2020-08-04,319.62146,323.17352,327.48395,312.63934,317.85522,321.82846,2645975.2,71838190000000.0,1273898.0,0.446434
2020-08-05,319.7736,323.29068,327.67218,312.75424,318.06763,321.9502,2645077.8,71839360000000.0,1273520.9,0.44642082
2020-08-06,319.96356,323.47467,327.90674,312.9205,318.3209,322.1188,2645412.5,71881220000000.0,1273525.1,0.44630864
2020-08-07,320.11838,323.64407,328.10858,313.06564,318.53778,322.26175,2646865.5,71956560000000.0,1273943.0,0.44614172
2020-08-10,320.1978,323.7504,328.23212,313.14798,318.67438,322.33817,2649187.0,72055750000000.0,1274732.6,0.44595772
2020-08-11,320.18286,323.76764,328.2554,313.1464,318.7096,322.32745,2652108.5,72169065000000.0,1275824.5,0.44578606
2020-08-12,320.11545,323.7275,328.2174,313.09714,318.6832,322.27002,2655095.5,72283120000000.0,1277030.0,0.44563845
2020-08-13,320.09998,323.72488,328.22058,313.09708,318.69788,322.26874,2657357.2,72382520000000.0,1278029.4,0.4455088
2020-08-14,320.25577,323.8749,328.38535,313.25928,318.87363,322.441,2658217.2,72456200000000.0,1278512.2,0.4453789
2020-08-17,320.70367,324.2971,328.8349,313.69876,319.33243,322.90594,2657178.5,72497186000000.0,1278225.0,0.44521838
2020-08-18,321.52872,325.08194,329.65903,314.49826,320.16226,323.74686,2654065.8,72504895000000.0,1277023.1,0.4449971
2020-08-19,322.789,326.29276,330.91965,315.7148,321.42313,325.02145,2648887.0,72481070000000.0,1274851.2,0.4446846
2020-08-20,324.5338,327.98297,332.66852,317.39734,323.1652,326.77957,2641656.5,72428850000000.0,1271672.2,0.44425207
2020-08-21,326.73392,330.1349,334.88,319.52103,325.36194,328.99188,2632822.2,72358960000000.0,1267616.4,0.4436893
2020-08-24,329.28174,332.65155,337.44962,321.9855,327.9077,331.55154,2623207.0,72284690000000.0,1263003.6,0.44300246
2020-08-25,332.07492,335.43454,340.27444,324.69345,330.69974,334.35718,2613351.0,72212730000000.0,1258071.9,0.44220793
2020-08-26,334.95685,338.33286,343.19623,327.49615,333.58118,337.25348,2603990.2,72154320000000.0,1253159.4,0.44134018
2020-08-27,337.76794,341.18668,346.05267,330.24045,336.39093,340.08228,2595712.2,72114290000000.0,1248573.0,0.44044313
2020-08-28,340.34497,343.83237,348.6771,332.76868,338.9648,342.68018,2589011.0,72096600000000.0,1244582.0,0.43956986
2020-08-31,342.56683,346.1416,350.94357,334.96146,341.17914,344.92596,2584073.2,72097460000000.0,1241346.6,0.43876818
2020-09-01,344.39926,348.06616,352.8112,336.78177,342.9958,346.7861,2580563.8,72107300000000.0,1238824.4,0.43807015
2020-09-02,345.88885,349.64038,354.3214,338.26984,344.45923,348.30585,2577792.0,72113390000000.0,1236781.5,0.4374919
2020-09-03,347.11978,350.939,355.55722,339.5031,345.65338,349.5675,2575087.8,72102770000000.0,1234955.6,0.43703213
2020-09-04,348.19443,352.05936,356.62247,340.5781,346.68158,350.6718,2571873.0,72066310000000.0,1233092.9,0.43667614
2020-09-07,349.2017,353.0924,357.60992,341.57947,347.63617,351.70474,2567831.0,72000620000000.0,1231005.6,0.43640247
2020-09-08,350.2018,354.1021,358.58405,342.5653,348.57983,352.72504,2562921.0,71905840000000.0,1228622.6,0.436185
2020-09-09,351.2232,355.12262,359.57755,343.56433,349.5442,353.76062,2557298.8,71787600000000.0,1225960.5,0.43600038
2020-09-10,352.24753,356.14386,360.57596,344.56125,350.51398,354.79318,2551357.5,71655305000000.0,1223140.5,0.43583453
2020-09-11,353.19852,357.0989,361.50677,345.4853,351.41574,355.7467,2545751.2,71521250000000.0,1220408.5,0.4356872
2020-09-14,353.96915,357.88654,362.26367,346.23566,352.1434,356.51556,2541165.8,71397280000000.0,1218057.9,0.4355693
2020-09-15,354.4412,358.3921,362.72855,346.69998,352.57938,356.98288,2538209.2,71293630000000.0,1216370.8,0.43550202
2020-09-16,354.54813,358.54276,362.8306,346.8133,352.65442,357.08435,2537052.8,71213000000000.0,1215488.1,0.43550283
2020-09-17,354.3073,358.34576,362.58167,346.59012,352.383,356.83936,2537321.8,71151190000000.0,1215321.6,0.4355805
2020-09-18,353.7708,357.84604,362.03104,346.07904,351.81604,356.30023,2538560.8,71102814000000.0,1215713.1,0.4357373
2020-09-21,353.001,357.1022,361.24094,345.33853,351.01578,355.52808,2540385.8,71061560000000.0,1216501.1,0.43596962
2020-09-22,352.1009,356.2112,360.31418,344.46613,350.0847,354.62543,2542272.8,71019320000000.0,1217461.9,0.43625855
2020-09-23,351.19565,355.29587,359.37668,343.58136,349.1484,353.7164,2543664.8,70969890000000.0,1218330.2,0.43657687
2020-09-24,350.3242,354.40457,358.47253,342.72412,348.2499,352.838,2544666.2,70917370000000.0,1219076.0,0.436907
2020-09-25,349.39044,353.45853,357.51294,341.80573,347.29794,351.89178,2546190.2,70875660000000.0,1220000.5,0.4372517
2020-09-28,348.27768,352.34717,356.38376,340.71545,346.17645,350.76172,2549052.5,70854520000000.0,1221441.0,0.4376188
2020-09-29,346.9241,351.00494,355.02045,339.39447,344.82196,349.38937,2553480.5,70859160000000.0,1223548.1,0.4380174
2020-09-30,345.35434,349.44678,353.44235,337.86533,343.25595,347.80246,2559099.0,70886990000000.0,1226232.6,0.43845013
2020-10-01,343.6765,347.76953,351.75253,336.22986,341.58344,346.11072,2565087.5,70927170000000.0,1229192.8,0.43890816
2020-10-05,342.0634,346.13492,350.1212,334.65228,339.9748,344.48718,2570391.8,70964090000000.0,1231997.0,0.4393673
2020-10-06,340.5972,344.6335,348.6351,333.21384,338.51566,343.0114,2574747.2,70996440000000.0,1234457.6,0.43981388
2020-10-07,339.40326,343.3858,347.42053,332.03363,337.3294,341.80835,2577688.2,71013570000000.0,1236350.8,0.4402121
2020-10-08,338.6434,342.55157,346.64008,331.2679,336.57773,341.04053,2578525.8,71009050000000.0,1237348.1,0.44052005
2020-10-09,338.46088,342.2772,346.43933,331.05606,336.40436,340.85098,2576780.2,70979050000000.0,1237182.6,0.4406952
2020-10-12,338.93878,342.6541,346.90552,331.4809,336.89395,341.3223,2572389.8,70924940000000.0,1235746.6,0.44070238
2020-10-13,340.0338,343.6569,348.00183,332.50583,338.00665,342.4103,2566020.5,70858555000000.0,1233226.0,0.44052967
2020-10-14,341.59048,345.147,349.57697,333.98547,339.58868,343.95923,2558838.5,70796200000000.0,1230056.9,0.44018844
2020-10-15,343.3718,346.9009,351.3949,335.69525,341.40323,345.73306,2552192.8,70756040000000.0,1226806.2,0.4397162
2020-10-16,345.0889,348.6377,353.1644,337.35956,343.16022,347.44495,2547426.2,70754670000000.0,1224097.6,0.43917456
2020-10-19,346.47815,350.09106,354.61508,338.72354,344.5919,348.83313,2545432.0,70799470000000.0,1222417.9,0.43863615
2020-10-20,347.34702,351.05743,355.54538,339.59863,345.50064,349.70685,2546522.5,70888830000000.0,1222038.5,0.43817186
2020-10-21,347.60962,351.4331,355.85934,339.89658,345.79483,349.98108,2550373.0,71011610000000.0,1222965.0,0.43783823
2020-10-22,347.31705,351.24765,355.60016,339.65955,345.52087,349.70605,2555990.2,71146630000000.0,1224888.1,0.43766466
2020-10-23,346.65015,350.65955,354.94275,339.0545,344.85614,349.0613,2561921.5,71269060000000.0,1227264.5,0.43764502
2020-10-26,345.889,349.93185,354.1662,338.34586,344.08014,348.32483,2566491.5,71353940000000.0,1229388.4,0.4377402
2020-10-27,345.35864,349.38153,353.59946,337.84338,343.52042,347.8183,2568160.2,71380650000000.0,1230534.9,0.43788418
2020-10-28,345.3206,349.2771,353.51318,337.8001,343.44443,347.7997,2566115.8,71342340000000.0,1230216.2,0.43800324
2020-10-29,345.9163,349.77762,354.06134,338.3565,344.001,348.40744,2560430.8,71244850000000.0,1228291.2,0.4380311
2020-10-30,347.141,350.90244,355.25015,339.5142,345.19238,349.63525,2551979.2,71106770000000.0,1224973.1,0.43792325
2020-11-02,348.83392,352.51553,356.9281,341.12592,346.86337,351.32315,2542306.0,70955276000000.0,1220814.0,0.4376702
2020-11-03,350.71814,354.36133,358.82263,342.93222,348.74036,353.19714,2533236.0,70820920000000.0,1216557.8,0.43729958
2020-11-04,352.4861,356.14108,360.62265,344.64026,350.51392,354.9531,2526314.8,70726110000000.0,1212919.4,0.43686554
2020-11-05,353.88614,357.5978,362.0679,346.0075,351.92715,356.34396,2522388.0,70680890000000.0,1210392.9,0.43643263
2020-11-06,354.72278,358.5265,362.95294,346.844,352.77945,357.17722,2521791.8,70687436000000.0,1209265.6,0.4360726
2020-11-09,354.95264,358.86044,363.22223,347.1015,353.0195,357.4112,2523959.0,70730760000000.0,1209462.8,0.4358332
2020-11-10,354.65707,358.6603,362.94846,346.85205,352.72375,357.127,2527773.5,70791210000000.0,1210620.2,0.43573904
2020-11-11,354.01654,358.08716,362.30728,346.26297,352.0696,356.50272,2531877.2,70844710000000.0,1212213.5,0.43578342
2020-11-12,353.2835,357.38077,361.5518,345.57263,351.30972,355.78793,2534842.2,70868930000000.0,1213621.2,0.4359302
2020-11-13,352.70944,356.7899,360.93875,345.02167,350.6989,355.23056,2535596.2,70849806000000.0,1214308.1,0.4361252
2020-11-14,352.49207,356.51874,360.6741,344.80154,350.43982,355.0255,2533624.2,70783440000000.0,1213935.4,0.4363081
2020-11-17,352.72626,356.67874,360.86362,345.00784,350.63428,355.26523,2529105.8,70676850000000.0,1212433.9,0.43642834
2020-11-18,353.42343,357.29596,361.52695,345.656,351.29822,355.96115,2522629.8,70542770000000.0,1209950.8,0.4364465
2020-11-19,354.55927,358.35617,362.6434,346.72726,352.40918,357.09174,2514740.5,70394760000000.0,1206671.5,0.43633783
2020-11-20,356.1175,359.84778,364.19608,348.20883,353.95013,358.64374,2505686.5,70240604000000.0,1202691.0,0.43608904
2020-11-23,358.04614,361.72412,366.13132,350.05365,355.86807,360.56775,2495818.8,70088942000000.0,1198160.0,0.43570262
2020-11-24,360.24692,363.893,368.34982,352.16943,358.064,362.76627,2485650.2,69946560000000.0,1193297.9,0.43519828
2020-11-25,362.62067,366.25476,370.7499,354.46158,360.43597,365.14188,2475540.2,69814860000000.0,1188298.0,0.4346025
2020-11-26,365.09216,368.7309,373.2521,356.85782,362.90604,367.62085,2465603.5,69693977000000.0,1183266.1,0.43394446
2020-11-27,367.63495,371.28772,375.8252,359.3306,365.44397,370.17725,2455605.5,69575694000000.0,1178158.6,0.43324962
2020-12-01,370.23383,373.9056,378.45093,361.86365,368.0324,372.79495,2445304.5,69452582000000.0,1172906.2,0.43254158
2020-12-02,372.91458,376.60266,381.15237,364.47894,370.6949,375.49918,2434326.2,69314790000000.0,1167385.2,0.43182966
2020-12-03,375.7717,379.46426,384.02185,367.26456,373.5239,378.38388,2421949.0,69149074000000.0,1161312.4,0.4311084
2020-12-04,378.9252,382.60526,387.179,370.33408,376.6391,381.56796,2407431.0,68943683000000.0,1154364.8,0.43036297
2020-12-07,382.52792,386.17325,390.7773,373.83304,380.19302,385.20358,2389983.2,68685980000000.0,1146185.5,0.4295646
2020-12-08,386.7746,390.35797,395.013,377.9482,384.38025,389.4857,2368619.2,68361480000000.0,1136325.0,0.4286745
2020-12-09,391.8255,395.32465,400.04996,382.8354,389.36368,394.57336,2342683.0,67963537000000.0,1124426.4,0.42765737
2020-12-10,397.73776,401.1427,405.9511,388.55286,395.20383,400.52194,2312164.2,67489975000000.0,1110385.2,0.42649335
2020-12-11,404.43893,407.75772,412.65063,395.03577,401.8322,407.25766,2277726.8,66947962000000.0,1094391.5,0.425187
2020-12-14,411.7364,414.99384,419.9593,402.10355,409.05878,414.5877,2240489.5,66348885000000.0,1076875.8,0.42377087
2020-12-15,419.33545,422.5717,427.5824,409.47668,416.5894,422.2176,2201840.0,65706524000000.0,1058431.9,0.42230856
2020-12-16,426.87903,430.14227,435.15903,416.81308,424.06485,429.79083,2163235.0,65031845000000.0,1039742.4,0.42088488
2020-12-17,434.01215,437.3502,442.32645,423.77,431.1258,436.95285,2125900.2,64333350000000.0,1021446.7,0.41959202
2020-12-18,440.4179,443.87155,448.75766,430.03802,437.44974,443.3869,2090787.8,63616976000000.0,1004095.6,0.4185175
2020-12-21,445.8464,449.44434,454.19263,435.37015,442.78027,448.84174,2058523.2,62883954000000.0,988101.4,0.4177339
2020-12-22,450.1448,453.90015,458.47028,439.6109,446.95944,453.16257,2029404.1,62134638000000.0,973721.7,0.41728514
2020-12-23,453.2744,457.18216,461.54755,442.71475,449.9455,456.3091,2003352.0,61367793000000.0,961026.75,0.41718236
2020-12-24,455.34802,459.3815,463.53513,444.78226,451.84946,458.3938,1979684.1,60579654000000.0,949810.75,0.41739926
2020-12-28,456.65985,460.7699,464.72736,446.0896,452.9664,459.71155,1957025.8,59763765000000.0,939528.75,0.41786617
2020-12-29,457.6388,461.75867,465.55844,447.0452,453.72992,460.69202,1933605.5,58911663000000.0,929398.25,0.41848105
2020-12-30,458.74435,462.80353,466.49826,448.09167,454.60843,461.79398,1907759.2,58017070000000.0,918587.8,0.41913167
2020-12-31,460.3468,464.28595,467.93234,449.59058,455.98404,463.38644,1878599.4,57082384000000.0,906530.4,0.41971397
2021-01-01,462.62836,466.41562,470.06213,451.72772,458.05417,465.65024,1846385.6,56124775000000.0,893102.44,0.42015076
2021-01-04,465.58414,469.21625,472.89612,454.50998,460.8244,468.5811,1812124.9,55165378000000.0,878557.56,0.4204056
2021-01-05,469.0858,472.58307,476.31192,457.82404,464.17157,472.05338,1777073.1,54227506000000.0,863339.75,0.42047644
2021-01-06,472.91245,476.31314,480.08743,461.4652,467.87527,475.84973,1742513.9,53329736000000.0,847978.6,0.4203964
2021-01-07,476.77048,480.1233,483.92276,465.1554,471.63757,479.67886,1709764.6,52485770000000.0,833081.7,0.42022747
2021-01-08,480.36795,483.72205,487.5167,468.61487,475.15955,483.25186,1679876.2,51702760000000.0,819204.56,0.42004013
2021-01-11,483.51468,486.90588,490.66565,471.65677,478.2404,486.38104,1653099.6,50976296000000.0,806610.56,0.41989672
2021-01-12,486.12906,489.577,493.27496,474.1962,480.7882,488.9851,1629105.2,50295280000000.0,795298.1,0.4198429
2021-01-13,488.1967,491.7061,495.32263,476.21265,482.7819,491.04788,1607481.5,49647210000000.0,785181.4,0.41990376
2021-01-14,489.8252,493.38098,496.91205,477.80246,484.3235,492.67587,1587316.8,49014523000000.0,775946.6,0.4200739
2021-01-15,491.28635,494.852,498.31204,479.22052,485.68176,494.1409,1566980.1,48376528000000.0,766944.1,0.42031294
2021-01-18,492.91855,496.44693,499.8639,480.7887,487.19727,495.77963,1544758.0,47713765000000.0,757403.06,0.42056343
2021-01-19,494.9576,498.41034,501.81375,482.73563,489.11362,497.82367,1519921.2,47020640000000.0,746871.0,0.42077434
2021-01-20,497.4394,500.8019,504.21317,485.10275,491.47784,500.30536,1492975.8,46303960000000.0,735386.3,0.42092064
2021-01-21,500.27194,503.54974,506.9804,487.80832,494.20474,503.1316,1464954.8,45577895000000.0,723277.2,0.42099696
2021-01-22,503.3547,506.56332,510.01645,490.76035,497.1961,506.20477,1436537.5,44853665000000.0,710813.9,0.42100883
2021-01-25,506.59933,509.7557,513.22754,493.87476,500.36038,509.43896,1408017.8,44134962000000.0,698153.3,0.4209716
2021-01-27,509.90088,513.0248,516.5043,497.05228,503.59073,512.7309,1379762.6,43426674000000.0,685486.3,0.42091066
2021-01-28,513.0306,516.1526,519.6155,500.0742,506.65646,515.8504,1352742.9,42735143000000.0,673233.4,0.42087662
2021-01-29,515.6782,518.8381,522.25,502.64264,509.2455,518.4852,1328473.0,42073320000000.0,662061.94,0.42092603
2021-02-01,517.50977,520.751,524.0699,504.43524,511.02048,520.3008,1308578.6,41460947000000.0,652731.7,0.42111304
2021-02-02,518.269,521.6254,524.8117,505.20047,511.71823,521.0416,1294122.0,40910696000000.0,645814.75,0.42147657
2021-02-03,517.9535,521.4299,524.46234,504.92682,511.3271,520.7094,1284644.5,40418083000000.0,641292.9,0.4220166
2021-02-04,516.8532,520.4163,523.30133,503.88226,510.12988,519.5977,1278294.4,39971147000000.0,638528.75,0.42268172
2021-02-05,515.5159,519.09814,521.8735,502.58505,508.6728,518.25586,1272105.9,39539863000000.0,636308.8,0.4233833
2021-02-08,514.5782,518.0937,520.82275,501.64444,507.59918,517.31964,1263140.4,39098050000000.0,633299.8,0.42400917
2021-02-09,514.6507,518.0132,520.77466,501.6509,507.53183,517.39746,1248916.9,38620036000000.0,628255.56,0.42444783
2021-02-10,516.1929,519.3363,522.20764,503.05615,508.94568,518.9458,1227892.8,38091030000000.0,620261.9,0.42461166
2021-02-11,519.35736,522.2564,525.29407,506.02197,512.0102,522.1132,1200240.2,37514190000000.0,609099.56,0.42446315
2021-02-12,523.89636,526.5777,529.803,510.32764,516.4904,526.6494,1167897.4,36905970000000.0,595356.1,0.42404065
2021-02-15,529.343,531.86676,535.26984,515.5364,521.9206,532.0895,1133349.9,36285184000000.0,580036.5,0.4234252
2021-02-16,535.27783,537.71014,541.26056,521.2486,527.87036,538.01996,1097838.5,35652972000000.0,563809.2,0.42271864
2021-02-17,541.4266,543.8201,547.4787,527.19727,534.0489,544.17206,1061494.6,34996008000000.0,546947.6,0.42201555
2021-02-18,547.699,550.07904,553.8122,533.28754,540.3475,550.45886,1023345.6,34282435000000.0,529273.9,0.42138773
2021-02-19,554.2079,556.5653,560.35364,539.6155,546.8615,556.99365,981402.6,33468923000000.0,510140.34,0.42087176
2021-02-22,561.1299,563.43384,567.2713,546.34106,553.75916,563.9499,933861.0,32517957000000.0,488860.5,0.4204795
2021-02-23,568.6342,570.85156,574.73834,553.62286,561.20984,571.4897,879548.25,31400743000000.0,464883.62,0.42021292
2021-02-24,576.7279,578.838,582.7726,561.4679,569.22656,579.61395,818583.2,30109854000000.0,438150.2,0.42007804
2021-02-25,585.24066,587.2489,591.2151,569.7162,577.6467,588.14575,752150.75,28654717000000.0,409033.22,0.42010117
2021-02-26,593.76935,595.7069,599.67377,577.9851,586.07446,596.6794,682814.6,27065180000000.0,378556.6,0.42032558
2021-03-01,601.93414,603.84143,607.766,585.9092,594.12805,604.8359,612567.1,25369355000000.0,347616.56,0.42078993
2021-03-02,609.397,611.3161,615.1476,593.16077,601.4649,612.2792,543135.5,23594768000000.0,317038.84,0.4215256
2021-03-03,615.9137,617.87146,621.5667,599.49927,607.8338,618.76855,475850.1,21768266000000.0,287537.88,0.4225342
2021-03-04,621.52234,623.51215,627.05,604.95056,613.2629,624.34845,410380.56,19901125000000.0,259160.72,0.42377183
2021-03-05,626.7091,628.68146,632.07367,609.97107,618.2313,629.50885,344061.7,17973775000000.0,230892.2,0.42514804
2021-03-08,632.0459,633.9263,637.2132,615.1054,623.31586,634.8235,274348.34,15975957000000.0,201631.33,0.42655322
2021-03-09,637.97314,639.6928,642.92706,620.7805,628.9727,640.72845,199883.39,13904205000000.0,170605.2,0.4279036
2021-03-10,644.6228,646.14984,649.3727,627.13544,635.3568,647.3494,121290.52,11779142000000.0,137789.25,0.42916062
2021-03-12,651.68317,653.04553,656.26306,633.8888,642.1792,654.36847,41457.215,9641059000000.0,104120.81,0.4303594
2021-03-15,658.3305,659.62415,662.79047,640.2664,648.632,660.9578,-34184.492,7565599000000.0,71727.64,0.43159148
2021-03-16,663.3628,664.74316,667.754,645.12445,653.5136,665.9138,-98629.04,5643839700000.0,43567.895,0.432991
2021-03-17,665.60925,667.2444,669.9648,647.3361,655.6349,668.0704,-145660.9,3955048000000.0,22524.25,0.43466893
2021-03-18,664.3463,666.3619,668.65894,646.1869,654.23676,666.7149,-172058.66,2560136800000.0,10423.503,0.43664876
2021-03-19,659.395,661.84705,663.6238,641.4787,649.10736,661.6775,-177277.78,1489754400000.0,7915.107,0.4388741
2021-03-22,651.09283,653.9546,655.1767,633.50726,640.5628,653.3015,-162815.89,765340550000.0,14656.51,0.44119433
2021-03-23,640.357,643.5164,644.2358,623.1315,629.5182,642.5101,-132595.78,383152460000.0,29100.514,0.44339046
2021-03-24,628.8469,632.1088,632.47266,611.9337,617.6486,630.9684,-94688.57,281434030000.0,47785.043,0.4452114
2021-03-25,618.4639,621.5907,621.81726,601.7421,606.89307,620.57855,-57819.44,395844940000.0,66706.26,0.44639465
2021-03-26,610.66473,613.46277,613.78107,593.98303,598.7671,612.7864,-27757.488,671188200000.0,82764.586,0.44678915
2021-03-30,605.9419,608.32654,608.92,589.1738,593.8248,608.0691,-4525.103,1107589100000.0,95177.33,0.44636622
2021-03-31,603.85266,605.8647,606.8336,586.9355,591.6657,605.9763,15773.957,1736209000000.0,105039.68,0.4452373
2021-04-01,603.3333,605.11444,606.4658,586.2809,591.2383,605.4445,38976.863,2605871800000.0,114633.445,0.4436069
2021-04-05,603.1085,604.84564,606.5115,585.99976,591.24365,605.2062,69918.195,3729646400000.0,126247.96,0.4417468
2021-04-06,602.31055,604.1632,606.04144,585.24945,590.7606,604.40753,109384.51,5055380000000.0,140802.25,0.43991044
2021-04-07,600.7604,602.79114,604.8089,583.8293,589.5475,602.88464,154325.3,6495835500000.0,157755.4,0.43822545
2021-04-08,599.3433,601.4727,603.6354,582.5485,588.43256,601.536,196347.31,7915926700000.0,174229.67,0.43665224
2021-04-09,599.6529,601.69257,604.08276,582.90424,588.97906,601.95337,224386.44,9148404000000.0,185780.89,0.43506062
2021-04-12,603.1849,604.9276,607.66565,586.3269,592.688,605.6146,229337.5,10023836000000.0,188238.11,0.4333567
2021-04-13,610.6151,611.9269,615.11365,593.4819,600.27325,613.1701,208874.45,10485177000000.0,179910.69,0.43148294
2021-04-15,621.2209,622.12585,625.77686,603.7128,611.0668,623.87,169426.52,10594131000000.0,162677.36,0.42953467
2021-04-16,633.10736,633.7943,637.808,615.239,623.2045,635.8035,122154.62,10441803000000.0,140765.19,0.4278004
2021-04-19,644.08673,644.8302,649.00793,625.9751,634.4845,646.7876,77203.1,10105588000000.0,118648.63,0.42662683
2021-04-20,652.2794,653.34845,657.4373,634.10077,642.9789,654.95667,41974.434,9660588000000.0,100130.164,0.42627713
2021-04-22,656.37146,657.9567,661.71814,638.3173,647.3151,659.0137,21911.412,9194500000000.0,88362.12,0.4268367
2021-04-23,656.20245,658.3547,661.62494,638.4175,647.27356,658.81354,16837.512,8752285000000.0,84089.875,0.42818558
2021-04-26,652.7294,655.35095,658.0754,635.2719,643.76935,655.3212,20890.625,8292703000000.0,85345.945,0.43009245
2021-04-27,647.6988,650.57477,652.81244,630.52466,638.54095,650.2857,24934.824,7736195000000.0,88365.04,0.43224943
2021-04-28,642.9949,645.85394,647.76105,625.9754,633.50714,645.5864,21296.102,7042053000000.0,89548.31,0.43430406
2021-04-29,640.24304,642.83185,644.61676,623.20386,630.3577,642.8406,4765.5225,6198030000000.0,86001.414,0.43595767
