Date,Prev Close,Open,High,Low,Close,VWAP,Volume,Turnover,Deliverable Volume,%Deliverble
2018-09-06,372.56137,370.84564,387.1104,368.46884,381.09058,379.84586,2547734.2,61220810000000.0,1126601.8,0.3224059
2018-09-07,380.3857,374.30142,393.65448,368.26807,375.33527,381.0908,2696415.2,103847270000000.0,997432.7,0.34455496
2018-09-10,376.6538,371.61926,393.77936,373.28043,380.3688,379.62234,2925410.8,63355770000000.0,822321.0,0.3264423
2018-09-11,368.61163,367.07755,384.63336,365.266,375.84265,373.4754,3043390.2,92954650000000.0,1215765.4,0.38894644
2018-09-12,357.33566,354.94452,374.88425,355.64603,363.40796,360.92596,2850517.0,59611516000000.0,1170636.8,0.36446676
2018-09-14,359.55502,371.5988,389.6035,360.27786,378.6456,367.24167,2891869.5,69893878000000.0,1143660.0,0.35270843
2018-09-17,367.79,378.36224,388.5408,364.39368,379.7329,373.49823,2518043.2,61801757000000.0,1181408.6,0.36681426
2018-09-18,374.53394,376.3832,393.73965,374.20718,382.81396,380.51212,2095612.5,98692320000000.0,990839.9,0.349972
2018-09-19,375.42648,373.03943,389.6674,369.85745,377.29898,377.9025,2480192.2,38892440000000.0,1053539.9,0.36436933
2018-09-21,372.98132,371.036,383.0328,366.02582,377.37204,374.20694,2743788.5,33359122000000.0,1036397.94,0.40151122
2018-09-24,359.56464,360.61182,368.87305,354.7192,369.7832,369.75116,3022799.5,40322986000000.0,1164161.6,0.3534775
2018-09-25,340.12228,345.65033,362.82468,341.37384,351.2324,355.23404,3275505.8,52642005000000.0,1426313.6,0.39476624
2018-09-26,330.87622,340.10654,352.8759,326.69025,345.80573,340.84293,2548263.0,89123700000000.0,1471680.1,0.40064317
2018-09-27,326.99536,343.4558,352.87915,329.92255,337.02298,338.55853,2288535.2,91843470000000.0,1312681.2,0.41925192
2018-09-28,333.6721,338.91635,337.94904,331.28354,339.09842,334.60934,2905291.8,90760370000000.0,1457644.0,0.46533513
2018-10-01,335.27817,331.77747,344.20087,331.79953,341.22345,338.2708,2197795.5,83568320000000.0,1478811.1,0.43332484
2018-10-03,327.33813,333.7924,337.59116,320.79016,332.4467,333.16156,3313607.2,68803780000000.0,1373690.8,0.4224047
2018-10-04,327.5321,342.12738,333.20792,317.55103,334.91956,336.34314,3046579.8,66523624000000.0,1662069.2,0.45975032
2018-10-05,316.5345,329.34317,337.61404,312.86487,331.77548,324.4183,2875412.8,145896650000000.0,1582753.9,0.44574827
2018-10-08,308.09265,318.35452,312.12314,297.48062,309.37537,315.60587,4071326.2,110362010000000.0,2084688.8,0.47357067
2018-10-09,300.79102,301.78848,316.13037,294.7726,309.41312,300.54233,3899835.0,97271555000000.0,2081777.8,0.4695208
2018-10-10,306.5081,316.74445,333.6625,306.43338,321.9397,324.2573,3510220.8,135034740000000.0,1770027.6,0.41687393
2018-10-11,319.90735,333.3408,341.0328,323.22357,330.87668,333.22546,3813311.2,112666960000000.0,1370498.8,0.34697163
2018-10-12,312.4284,309.15482,336.26657,312.0656,323.96164,328.15482,3291100.2,75069360000000.0,1336317.6,0.37734982
2018-10-15,318.55307,318.90802,332.79272,308.38913,317.77002,328.6771,3252365.8,66737387000000.0,1239897.5,0.38562372
2018-10-16,326.64685,322.32712,342.24725,308.12326,328.5652,325.94757,3289745.5,68303695000000.0,1081176.0,0.35501882
2018-10-17,322.95764,315.77313,344.50455,319.12857,331.0119,333.6229,3647608.2,96777080000000.0,1021065.6,0.31293085
2018-10-19,309.88684,319.01785,336.61673,318.89352,332.03232,335.4074,3397898.5,91234260000000.0,1218997.6,0.27090043
2018-10-22,302.70007,308.20618,323.35043,302.3462,307.93628,318.92822,3316248.8,63952638000000.0,1088061.6,0.29728678
2018-10-23,306.2246,305.25537,325.97617,305.36038,314.3961,314.45526,2938112.5,39736257000000.0,1122228.1,0.28813472
2018-10-24,310.88895,315.3638,326.7149,310.33905,315.7215,312.76025,3280458.8,113885520000000.0,1039490.06,0.2839426
2018-10-25,304.05087,307.18533,324.7979,310.4231,321.43637,325.34012,3262321.8,78280850000000.0,1269541.4,0.24003007
2018-10-26,286.66708,298.85526,312.93338,288.104,300.92593,300.73285,3581073.2,77094495000000.0,1245546.6,0.30705744
2018-10-29,293.68024,306.72754,306.8161,287.32712,300.74487,304.40106,3291211.5,35444163000000.0,1443304.2,0.3470879
2018-10-30,305.02185,313.06555,318.42642,299.02533,310.7081,303.77725,3375981.0,125248170000000.0,1318442.5,0.356698
2018-10-31,312.70557,322.10266,323.7149,308.512,313.44345,312.2903,3224296.5,133123830000000.0,1462798.5,0.3562747
2018-11-01,301.6584,310.5702,314.0322,317.14926,318.08118,317.39243,4024132.5,106072340000000.0,1896420.0,0.42252946
2018-11-02,318.02527,319.6425,325.67374,309.77148,325.1549,314.33,3176553.8,87119880000000.0,1735165.0,0.4165374
2018-11-05,324.0183,330.1229,334.24277,315.91843,337.9952,334.7045,4112035.8,96422870000000.0,1972928.1,0.4099959
2018-11-06,328.7075,324.4979,349.27298,329.41635,345.80957,331.71445,3416942.5,95499450000000.0,1803832.2,0.42606345
2018-11-07,314.1558,315.27222,337.53897,316.91193,333.0657,340.2029,4167824.5,134775220000000.0,1828881.6,0.43628567
2018-11-09,330.7213,330.69495,351.85004,319.80826,336.86066,329.83582,3568599.0,75752190000000.0,1243951.1,0.36321816
2018-11-12,328.91385,318.35706,348.49713,321.86108,339.48657,337.8866,4025512.0,89188070000000.0,1226723.4,0.37092412
2018-11-13,333.88464,330.21844,351.19922,333.26767,348.1052,343.87192,3024431.2,101663490000000.0,1281605.0,0.34360766
2018-11-14,327.4395,322.80975,350.13065,326.21353,340.5305,346.16608,3457281.0,102210670000000.0,1135590.9,0.30698934
2018-11-15,328.1941,322.01294,348.64938,320.05536,335.56662,339.331,3213072.8,32376317000000.0,1054634.8,0.3231868
2018-11-16,337.94452,334.1994,355.72446,328.56458,344.9033,348.64944,3382284.0,86537216000000.0,1197080.6,0.2653222
2018-11-19,338.1843,339.1932,354.1319,326.78928,331.82617,342.70425,3413705.5,81772900000000.0,1165897.2,0.29284525
2018-11-20,330.48196,334.17874,356.5751,331.03714,340.1701,348.81873,2988168.5,53040996000000.0,993393.1,0.30568004
2018-11-21,344.43875,360.08163,353.71582,334.00702,343.88904,353.1391,3052557.2,92667170000000.0,1404822.6,0.35216776
2018-11-22,355.5867,354.7377,356.27295,345.65384,346.5217,350.11868,2815688.5,50515040000000.0,1139348.4,0.32591292
2018-11-26,355.59848,360.19043,377.31326,359.5851,365.30118,362.81003,2843855.2,124565536000000.0,1282255.9,0.33564046
2018-11-27,354.8136,367.12524,370.37555,357.3493,367.17996,367.10263,3123631.0,66970632000000.0,1310578.4,0.32675356
2018-11-28,356.79263,361.6902,364.99112,350.97256,360.08273,367.48062,3272038.0,64842036000000.0,1587237.0,0.3886439
2018-11-29,352.60974,356.53632,375.59586,352.43048,363.58228,355.2651,2992296.5,83639080000000.0,1301506.6,0.38669083
2018-11-30,358.15884,363.57013,374.0662,352.77966,370.674,360.42136,3110490.5,71895200000000.0,1449411.8,0.43587935
2018-12-03,358.05273,360.54593,371.27222,356.8244,369.50302,362.53198,3090378.8,85889140000000.0,1327492.4,0.42507714
2018-12-04,360.86157,364.65808,384.337,365.0806,376.02963,375.05548,2766377.8,108637096000000.0,1314111.9,0.3880149
2018-12-05,366.2885,370.3198,383.6137,367.4527,379.08633,375.64163,3009904.2,54331710000000.0,1200766.9,0.36929086
2018-12-06,372.06903,363.78564,388.91257,365.51562,379.31494,381.41202,2976109.5,45699916000000.0,1221512.9,0.34423313
2018-12-07,360.59885,365.62677,382.9937,358.02283,374.6301,377.85437,4016523.2,112007600000000.0,1493243.8,0.36822537
2018-12-10,358.27765,357.71262,377.15793,355.64685,366.7197,366.7133,3430561.8,64471414000000.0,1340043.1,0.34401208
2018-12-11,353.48276,353.97797,381.12787,345.92224,368.4419,367.4239,3554917.5,94677020000000.0,1116833.4,0.3358671
2018-12-12,359.2248,360.45126,367.05682,343.35873,352.2274,359.53177,3782249.0,100004980000000.0,1493548.5,0.35593313
2018-12-13,358.48163,355.29288,383.74298,357.6029,368.4746,366.00882,3316507.2,111080800000000.0,1247001.8,0.29583514
2018-12-14,359.92145,356.77795,379.7677,358.51968,361.09424,369.00787,3005465.5,76814100000000.0,1100603.6,0.33679926
2018-12-17,372.8497,370.47763,379.47278,360.0738,373.33218,379.6789,3151841.8,44242836000000.0,1318228.0,0.39177337
2018-12-18,377.35263,363.23462,383.9594,363.05304,365.8353,371.248,3299709.0,81915770000000.0,1164503.1,0.3586529
2018-12-19,360.72113,364.73938,385.59616,364.38367,375.63757,375.12695,3192550.5,95190870000000.0,1089503.1,0.35668522
2018-12-20,369.42566,369.503,389.0749,365.20554,378.14886,374.12308,2726829.8,65658453000000.0,1292545.9,0.35163307
2018-12-21,361.58237,364.91412,378.49103,358.7045,366.78082,376.80408,3257076.8,39827330000000.0,1171731.1,0.3325426
2018-12-24,351.8785,375.62943,367.09204,349.58957,360.31067,360.42807,4565246.0,128638820000000.0,2231497.2,0.41862553
2018-12-26,354.7191,352.84723,382.51285,359.48325,369.3182,347.92538,2884833.5,91510070000000.0,1722227.0,0.34467328
2018-12-27,351.84912,362.95526,378.24823,357.5852,368.72513,363.29767,3679603.8,72935280000000.0,1236142.9,0.30989635
2018-12-28,366.22318,383.7827,392.8687,366.68613,384.7496,384.68756,3108057.5,74105980000000.0,1437163.0,0.29502425
2018-12-31,365.32288,367.72028,399.28192,364.99344,374.84357,378.11325,3213936.8,144604520000000.0,1113473.8,0.2979556
2019-01-01,371.63876,377.2753,397.48746,373.36566,377.34137,382.62753,3027074.5,48212730000000.0,926025.94,0.26518887
2019-01-02,381.31784,380.2781,406.11478,368.46954,386.13464,384.7384,3264119.2,55993100000000.0,798488.0,0.2357972
2019-01-03,375.0849,369.66373,389.90317,366.22775,377.20786,387.32773,3846723.8,74025380000000.0,774768.94,0.247927
2019-01-04,366.8712,368.48462,385.53482,372.0866,375.73145,374.48413,3219905.8,141257620000000.0,774723.5,0.24412832
2019-01-07,372.1454,366.43762,391.79416,363.05783,380.45316,371.80606,2445708.5,66202047000000.0,830862.6,0.2602008
2019-01-08,372.44412,364.62454,383.3745,367.34277,376.0794,379.2709,2665109.2,82711210000000.0,855147.4,0.28115875
2019-01-09,371.9473,369.21243,384.8457,365.13354,375.63882,370.52646,2231935.5,114439250000000.0,1065172.5,0.3660782
2019-01-10,370.8205,369.8224,384.92218,369.196,376.39105,370.37033,2340260.2,96793710000000.0,777651.2,0.30163017
2019-01-11,379.1543,379.69757,388.98962,369.7596,381.7297,372.0958,2388025.5,41259045000000.0,822936.6,0.36079824
2019-01-14,379.5092,380.1605,379.4538,365.09647,376.72632,374.1369,1712939.8,29246440000000.0,1025824.75,0.43787882
2019-01-15,372.9419,378.56506,386.27356,374.087,376.7286,373.58063,1659606.1,105689710000000.0,838796.44,0.40342295
2019-01-16,374.32156,381.804,384.2825,371.80508,382.9583,375.9662,2223231.5,53894785000000.0,899534.25,0.4033363
2019-01-17,381.46857,378.0106,390.1046,370.31314,384.42694,380.93423,1878299.6,35964190000000.0,1226082.8,0.40237093
2019-01-18,380.03488,383.7417,396.57513,372.94073,383.7242,386.59598,2322175.0,51497153000000.0,1153307.2,0.39849222
2019-01-21,387.41187,388.55884,411.62302,382.78424,394.8973,395.79813,2860083.0,56755455000000.0,1084856.6,0.36722115
2019-01-22,384.4803,393.18585,413.961,382.1844,402.4628,398.43036,2720478.8,81437280000000.0,941326.9,0.34058565
2019-01-23,381.6432,386.2245,396.4077,376.30777,383.1985,393.79892,2761951.2,39637930000000.0,1167760.6,0.40325296
2019-01-24,383.7602,383.68143,398.74103,378.03247,389.73166,386.5059,2736304.2,87566045000000.0,1103138.6,0.42272452
2019-01-25,381.83612,385.91998,394.54684,371.0088,386.41562,381.47623,2498063.5,77606650000000.0,1208021.8,0.46736917
2019-01-28,377.67172,382.5823,385.87985,377.99484,384.29367,385.2973,2862074.0,74285030000000.0,1467394.0,0.44582924
2019-01-29,354.13492,346.7613,360.96054,361.7018,373.3246,368.61618,4105479.5,92303600000000.0,2202131.8,0.3538922
2019-01-30,311.55017,336.7838,351.541,324.31863,339.6764,344.29794,4864855.5,20103484000000.0,2267878.0,0.34248716
2019-01-31,316.68994,343.21973,356.14667,313.01672,339.15137,338.61975,4200540.0,90534770000000.0,2344031.5,0.41726634
2019-02-01,328.4152,351.15573,357.84552,320.78827,334.15747,337.64166,3992842.5,181035220000000.0,1894331.9,0.43542793
2019-02-04,339.50183,321.252,343.59253,325.2976,332.72897,327.29156,4567819.5,103849256000000.0,1525774.5,0.3850035
2019-02-05,327.54184,309.11972,337.38504,323.1664,325.12637,340.09116,4177813.2,115703315000000.0,1383261.1,0.3941531
2019-02-06,332.0443,341.94437,357.13638,325.19516,343.13574,346.27505,3883872.2,115125370000000.0,1540138.1,0.37910226
2019-02-07,327.87796,324.80264,335.5537,332.59024,332.5045,346.53397,4177022.2,72503710000000.0,1609971.6,0.32232776
2019-02-08,311.68527,316.01865,345.98828,317.81595,337.99863,337.72745,3904992.8,99082880000000.0,1727744.1,0.328958
2019-02-11,317.8944,311.2426,349.3711,304.8233,334.49127,331.0152,3625566.0,133137230000000.0,1913267.6,0.36334023
2019-02-12,329.80777,325.51752,346.68317,320.76395,327.44598,324.71384,4260812.0,115334870000000.0,1351069.8,0.3644293
2019-02-13,316.3439,326.2015,340.4736,321.38638,338.28622,330.18158,4011915.2,84837860000000.0,1502289.9,0.403742
2019-02-14,329.44928,341.7935,331.422,333.27194,335.63892,347.80032,4869384.0,154534270000000.0,2540040.5,0.34195265
2019-02-15,325.15656,352.01782,346.11606,322.53207,348.75885,338.90692,4171380.5,84094980000000.0,2502163.8,0.38073087
2019-02-18,326.49127,348.45798,349.94846,336.58313,341.249,344.96985,4519539.5,68921380000000.0,2250076.8,0.3865192
2019-02-19,339.93915,356.29114,360.37924,324.21033,349.2697,356.99707,4926604.5,109289495000000.0,2543494.2,0.4579932
2019-02-20,345.88907,328.88806,348.17422,315.419,321.79358,324.03943,4486740.0,170515990000000.0,1936183.0,0.44106507
2019-02-21,330.17197,332.6803,360.7185,345.23035,344.49518,351.0292,4368158.5,119495510000000.0,1703511.4,0.39127183
2019-02-22,347.12445,359.53018,356.8036,349.1874,365.73438,355.8975,3935292.8,99149505000000.0,1738748.1,0.41497323
2019-02-25,347.79373,340.70163,366.4323,344.89438,358.8253,371.00787,2738395.0,95337600000000.0,1625865.4,0.39989224
2019-02-26,335.15918,328.75067,355.61975,354.2917,356.8426,365.07996,5385177.5,132542800000000.0,2503174.0,0.33487684
2019-02-27,304.3372,328.11957,332.54648,300.11847,326.70474,327.29132,7264103.0,38109035000000.0,3116677.5,0.38279805
2019-02-28,296.02963,297.40405,346.4593,306.05795,327.14584,329.9685,5275206.0,120299790000000.0,2250294.0,0.32411137
2019-03-01,289.92325,321.02423,344.52008,290.6352,316.83536,323.20786,5458003.0,110636950000000.0,1907781.1,0.4269096
2019-03-05,325.63718,324.10693,327.34888,307.3328,325.2803,311.8837,4885326.5,157217800000000.0,1705115.9,0.3946193
2019-03-06,322.45773,313.6816,335.39572,334.2161,322.2274,337.24527,3876150.0,172818930000000.0,1622631.2,0.40284285
2019-03-07,338.02524,345.69397,342.02292,343.40747,343.42282,336.6007,4348638.0,158813750000000.0,2185576.2,0.4314272
2019-03-08,344.5073,330.96393,349.33206,340.01196,350.38974,356.50296,3427793.5,22319815000000.0,2188192.8,0.41078043
2019-03-11,344.5236,332.50635,353.61432,340.3573,339.84286,355.8584,4467891.0,71439300000000.0,1528295.5,0.40993226
2019-03-12,347.9873,341.05396,361.2825,323.01282,355.17703,352.22272,3781696.2,73262350000000.0,2133003.0,0.47188428
2019-03-13,354.35983,335.6577,366.80026,339.19833,346.7837,343.74072,4467353.5,111072910000000.0,1700929.1,0.424473
2019-03-14,337.41153,349.6085,369.41083,344.5776,358.73373,368.47775,3706507.8,60214720000000.0,1658597.1,0.38445535
2019-03-15,360.85278,370.89307,387.249,358.50565,374.3153,367.5079,2799758.0,136786250000000.0,1403719.2,0.3538944
2019-03-18,356.87546,354.23392,369.5839,352.78412,370.3425,376.04272,2847303.2,15890262000000.0,1355014.0,0.4062963
2019-03-19,379.56314,364.63568,387.35132,370.37982,376.0092,379.42316,2945388.0,90203834000000.0,926673.06,0.33257678
2019-03-20,360.4342,356.14484,393.4284,354.24545,373.0744,379.50296,3219971.0,51102414000000.0,1147127.2,0.3252785
2019-03-22,350.70355,353.6621,360.0972,344.9872,348.21283,358.7827,3440025.2,59015840000000.0,1228684.0,0.40156332
2019-03-25,343.67365,359.98776,362.8022,335.712,349.46173,357.15646,2391935.0,46274108000000.0,1383007.5,0.41316462
2019-03-26,352.7566,361.6464,357.86865,348.58282,351.89227,343.32654,2220969.2,138994920000000.0,1098438.2,0.43864268
2019-03-27,360.09708,363.81567,371.39566,357.1814,360.64557,363.77356,1604555.0,13286750000000.0,1261081.6,0.39870575
2019-03-28,370.33435,375.0054,381.80048,366.16217,367.53662,375.59732,2577713.5,110563240000000.0,1264707.5,0.42912975
2019-03-29,372.4752,385.86456,377.36597,363.7455,363.92966,377.31888,2523707.5,32043998000000.0,1412401.5,0.40590084
2019-04-01,374.57904,382.03162,389.15668,380.631,393.26938,380.9143,3144321.5,100769520000000.0,1277218.4,0.41489562
2019-04-02,365.1279,371.85077,383.0199,360.18964,380.1291,376.48407,2178541.8,79024720000000.0,1120274.0,0.41683358
2019-04-03,370.17227,375.42645,392.83612,363.03497,385.28067,382.76633,2377282.0,47976764000000.0,1299446.1,0.42647216
2019-04-04,371.15317,372.6126,385.71283,359.76797,367.97208,370.00723,3278989.5,81953010000000.0,1115538.4,0.42568368
2019-04-05,376.18378,376.5822,391.4917,373.7734,384.68268,380.18283,2450945.5,98525850000000.0,976944.3,0.42672324
2019-04-08,386.44745,377.8541,397.81396,378.5309,379.7552,386.78775,2439321.0,34900281000000.0,824576.7,0.37636152
2019-04-09,383.82217,380.97552,393.0193,376.06537,394.33887,393.1358,2907070.2,12928374000000.0,985119.9,0.393337
2019-04-10,376.69208,373.66083,396.67532,372.17877,380.66187,385.52518,2132948.8,73504320000000.0,975616.5,0.3747972
2019-04-11,384.16962,380.02844,391.93576,369.4637,383.79782,386.1072,2702501.5,59513063000000.0,1081196.1,0.39148098
2019-04-12,385.30804,377.03632,391.04025,365.9062,375.9779,373.88065,2520488.8,100356370000000.0,908542.3,0.39666876
2019-04-15,377.36743,375.01663,397.9725,377.72708,378.54593,387.78925,2138583.8,76494475000000.0,887595.56,0.3593408
2019-04-16,381.02502,384.29324,397.6,373.6775,380.31186,381.9497,2817941.2,44147663000000.0,907570.3,0.35954398
2019-04-18,385.1121,390.25058,394.86185,374.27246,387.62027,386.7105,2346369.8,34222530000000.0,1260632.8,0.40654182
2019-04-22,383.226,390.16272,398.18726,382.9929,387.67017,390.08398,2198209.8,69096520000000.0,1276651.4,0.45392197
2019-04-23,389.98163,394.56708,393.14575,381.95197,390.61426,388.14603,2190371.8,50428255000000.0,1194077.5,0.46919328
2019-04-24,385.4775,389.6607,398.79663,374.95007,387.63812,386.02393,2130407.0,50259384000000.0,1243596.1,0.49018633
2019-04-25,389.5572,393.2418,395.96472,380.9497,387.65018,391.74426,1843564.8,31170786000000.0,1236518.4,0.4863872
2019-04-26,384.70853,398.88287,391.03394,377.50403,384.45938,387.50653,2959115.0,64442906000000.0,1682949.0,0.55146945
2019-04-30,393.91473,390.74734,403.8609,386.83478,395.91922,389.84552,1570333.0,42004760000000.0,1254584.5,0.49078044
2019-05-02,390.1816,399.26575,399.48602,383.50583,394.04163,398.51874,2606437.2,38197720000000.0,1345503.9,0.535204
2019-05-03,396.89856,393.2448,407.37192,391.24094,401.57843,396.8758,1858207.1,59817350000000.0,1262140.4,0.49934462
2019-05-06,388.47015,384.40396,412.12863,383.13504,394.6543,398.37656,2307822.8,93846710000000.0,1097757.0,0.47362214
2019-05-07,383.37192,386.35397,396.1078,376.71857,388.64056,391.39966,2504796.0,37222087000000.0,1056679.9,0.4690322
2019-05-08,376.3669,369.91846,398.28717,366.8559,382.37747,385.07767,2208213.0,48633756000000.0,1031883.56,0.43426755
2019-05-09,369.528,370.00253,389.1827,363.3416,370.58224,378.11496,2504064.0,56294073000000.0,874733.44,0.4263421
2019-05-10,367.31488,367.5842,388.0758,365.98953,373.67007,374.9403,2696522.8,58201215000000.0,857202.7,0.35870877
2019-05-13,364.7667,367.44943,383.5111,358.02094,365.39252,370.55746,2398937.2,70845930000000.0,860880.75,0.36656177
2019-05-14,366.8857,368.24246,378.58762,357.70483,359.61682,373.93994,2327913.2,36760230000000.0,972245.2,0.34555686
2019-05-15,365.8007,369.67975,378.7545,355.989,362.347,362.91052,2432574.5,69815340000000.0,1062604.4,0.40532783
2019-05-16,360.13968,362.47418,375.74738,349.22998,359.60706,359.9972,2114983.0,53583360000000.0,1024036.7,0.38838193
2019-05-17,366.33395,373.2404,374.59906,356.43985,360.85834,366.55606,2524848.2,87944590000000.0,1233186.5,0.41212085
2019-05-20,361.43777,368.0103,370.75497,354.40167,359.27856,356.7771,2232836.2,42467300000000.0,1247257.4,0.4428138
2019-05-21,376.873,394.97897,389.14963,375.59927,380.7635,387.55502,3196257.5,116766290000000.0,1808070.8,0.39585605
2019-05-22,380.99847,398.27322,403.06564,382.8438,392.60626,387.7647,3602962.8,56905783000000.0,2057729.4,0.36660957
2019-05-23,359.8487,372.1292,398.83325,370.65054,379.52142,384.20273,3643918.2,65137784000000.0,1654708.6,0.35550112
2019-05-24,375.31866,408.844,409.63632,383.47534,404.8025,411.51917,5521253.5,107765890000000.0,2908877.0,0.30869386
2019-05-27,377.31592,396.68472,413.43768,359.99905,390.23462,376.08185,5686546.0,116180750000000.0,2416296.0,0.34376487
2019-05-28,366.65356,382.78522,424.01346,389.86853,402.99493,406.03745,4436558.5,138755185000000.0,1727989.8,0.29904953
2019-05-29,387.87927,411.4912,423.6703,388.71475,411.58093,416.7953,6992123.0,153730640000000.0,2799307.8,0.31518334
2019-05-30,408.00714,391.51254,416.02664,370.62506,397.81943,386.73373,5805875.5,126587460000000.0,1970078.8,0.32207257
2019-05-31,375.50848,375.0263,409.89526,406.45602,396.45706,414.41605,5422734.5,151723360000000.0,1868390.1,0.3598929
2019-06-03,421.69562,416.6924,438.31866,407.91818,435.52112,417.58813,4492448.0,150726300000000.0,1841483.5,0.36027956
2019-06-04,427.24686,386.18298,417.75098,389.7345,411.13724,418.94876,4847060.5,112393665000000.0,1892164.9,0.3595391
2019-06-06,404.8489,393.2348,440.20743,430.0663,425.74637,435.26596,4497078.5,151372000000000.0,1992493.1,0.34361744
2019-06-07,417.04532,413.05283,442.92856,401.67883,435.8762,421.43427,4748230.0,128662870000000.0,2388855.2,0.3932524
2019-06-10,427.1182,401.51413,436.72012,407.98044,425.2573,432.0561,4246167.5,24389900000000.0,1641946.6,0.34410805
2019-06-11,407.43237,401.9279,449.13156,412.52454,428.8206,438.2196,4680505.0,117891830000000.0,1496728.2,0.34301734
2019-06-12,422.11896,420.02682,437.0929,407.6524,424.56372,425.0022,3614766.0,103277510000000.0,1550227.6,0.38135576
2019-06-13,415.44522,398.65903,436.0683,414.63828,420.35654,432.01114,3443016.5,68290886000000.0,1201407.9,0.31778765
2019-06-14,411.13382,415.53452,429.34747,402.2668,413.66287,422.13712,3155361.2,44177800000000.0,1439885.1,0.41740435
2019-06-17,412.95645,413.57953,432.86093,410.13046,424.9155,428.63013,2382118.8,59349246000000.0,1563699.2,0.4052079
2019-06-18,415.1968,415.21298,426.1569,409.896,410.3935,418.85843,2331367.0,72490330000000.0,1318505.0,0.44607043
2019-06-19,408.14456,418.30344,427.33624,403.84915,413.98196,422.06647,2949882.8,18878202000000.0,1545640.2,0.4483974
2019-06-20,403.09625,414.08368,419.4347,408.22192,411.4474,412.34033,3018955.8,96912010000000.0,1782702.4,0.4333926
2019-06-21,383.0285,410.07748,405.32452,391.24966,391.8891,405.1371,3191580.8,48165764000000.0,1703071.9,0.39130992
2019-06-24,385.26245,406.62234,415.48468,389.77417,404.14508,396.68127,2831561.0,110962470000000.0,1890492.4,0.42706987
2019-06-25,382.03943,397.5299,408.58884,390.08527,397.12756,390.9486,2196932.2,78635580000000.0,1156731.9,0.39599508
2019-06-26,394.98953,397.98666,415.5562,388.37833,404.62692,408.2343,2633422.0,94269490000000.0,1134104.0,0.42322305
2019-06-27,406.14856,399.13126,419.1395,398.35788,404.55203,400.5115,3029957.2,139708105000000.0,938021.5,0.35158288
2019-06-28,384.7145,398.90622,410.185,387.63223,399.1054,405.5364,4222800.5,48509844000000.0,1693420.5,0.38984087
2019-07-01,395.31943,409.11746,414.70728,393.5437,408.0371,408.10196,3340219.8,83733950000000.0,1329056.6,0.35105196
2019-07-02,398.67444,399.80377,427.53882,388.608,407.2258,408.01938,2760917.5,94557440000000.0,1028497.56,0.33239272
2019-07-03,411.07956,402.64285,425.45102,398.06772,412.57367,413.41852,3327634.0,68045670000000.0,905293.0,0.32981557
2019-07-04,421.50644,403.4419,424.53635,400.82935,404.0215,412.93225,3174549.2,141401400000000.0,1089437.8,0.33371675
2019-07-05,411.61575,403.0947,430.59293,407.0901,408.51666,409.84534,2537930.8,96419120000000.0,652846.94,0.30888596
2019-07-08,410.95844,403.7127,423.33432,405.84158,414.94894,412.6028,2984637.5,32567271000000.0,906161.56,0.29876006
2019-07-09,397.1072,396.35843,412.25882,389.23798,409.69128,405.94376,3150715.8,82571130000000.0,898349.94,0.29693887
2019-07-10,395.16425,391.953,416.1344,385.65173,393.97552,395.82986,2554574.2,72062590000000.0,1071534.8,0.28803763
2019-07-11,392.95627,396.41727,419.58426,388.69156,400.16843,392.11746,3316890.0,87035220000000.0,952705.06,0.30000302
2019-07-12,395.94324,397.92905,416.1312,386.81198,396.5739,395.73044,2360636.2,61926944000000.0,878742.5,0.32226035
2019-07-15,396.63336,404.92465,415.38672,395.6553,395.54355,403.36465,2096930.9,66657972000000.0,965201.1,0.34283298
2019-07-16,399.16397,409.19788,410.87338,397.1601,407.39096,392.0068,2151291.2,28867478000000.0,987050.9,0.39410672
2019-07-17,400.49594,406.3872,416.43167,402.38837,414.01553,408.62744,1544997.9,41878225000000.0,965527.75,0.3824896
2019-07-18,414.69745,419.6441,429.37537,406.40927,415.47903,419.20816,1965668.5,24908930000000.0,911312.0,0.3615608
2019-07-19,407.33694,414.6253,426.67642,402.7445,414.03656,415.38107,2819478.2,72171615000000.0,955667.0,0.34520894
2019-07-22,397.0512,403.4484,420.4168,403.00827,406.8755,406.4315,2161553.0,63706193000000.0,803247.7,0.33909127
2019-07-23,395.24313,397.60184,413.25314,391.47363,408.45508,406.28247,2618839.8,36204188000000.0,855994.94,0.32878864
2019-07-24,390.0531,389.9924,406.86862,382.89716,404.38675,389.63324,2205760.5,71565830000000.0,963352.8,0.38844612
2019-07-25,376.72278,380.51428,400.54993,384.1597,398.2081,397.40628,2428732.2,98936290000000.0,1102493.5,0.36973184
2019-07-26,374.80267,382.04977,396.03674,372.33316,386.6868,382.5555,2814247.0,79793890000000.0,1021953.25,0.34521085
2019-07-29,373.06503,370.84402,390.04663,364.83505,380.74182,375.22787,2595442.0,44347470000000.0,950740.56,0.38282093
2019-07-30,373.29276,381.41086,391.55353,372.91132,379.7374,386.1233,2351546.2,93410500000000.0,798696.44,0.34395716
2019-07-31,373.88422,374.5956,385.43872,364.75415,374.786,374.85278,2979223.0,65834693000000.0,887191.94,0.35179305
2019-08-01,372.70468,368.0105,381.1872,358.61224,370.32755,372.1265,2321432.8,76849860000000.0,987443.94,0.35564598
2019-08-02,372.5532,376.50037,383.65594,365.7272,375.20123,375.3541,2426990.0,80657690000000.0,1080204.9,0.37080994
2019-08-05,373.12363,369.7519,380.23102,362.53754,372.80774,372.81497,2680771.0,108048960000000.0,1042009.7,0.38436565
2019-08-06,368.61884,363.16132,380.9275,358.26117,369.57254,369.33466,2559601.2,57355720000000.0,1137075.9,0.37354776
2019-08-07,362.14386,368.12598,376.77817,356.173,367.11893,374.65152,3020715.5,59891117000000.0,1372377.0,0.42016625
2019-08-08,369.15527,368.05966,390.1064,365.05457,373.21872,370.6959,2724063.2,79583250000000.0,1182349.8,0.353207
2019-08-09,361.82333,371.69986,386.70837,361.50607,372.66412,375.04388,3205887.8,67915940000000.0,1118108.5,0.36669227
2019-08-13,366.75104,373.0575,387.34277,367.29178,378.34634,376.02228,2811614.2,55675745000000.0,1117279.9,0.3400115
2019-08-14,362.30002,367.1654,384.149,358.43314,370.85428,369.76132,2383328.8,101058410000000.0,1086056.0,0.3835336
2019-08-16,358.4312,362.31644,367.97372,352.64047,360.0281,358.04938,3022845.8,35146630000000.0,1324432.2,0.41823277
2019-08-19,349.74844,354.45477,361.15765,347.41162,361.5354,352.34952,3084418.0,68101640000000.0,1553186.9,0.45363754
2019-08-20,347.3902,357.0166,368.91476,348.10654,359.5311,353.76184,2166834.2,113698430000000.0,1152058.6,0.4109245
2019-08-21,350.73523,358.64447,369.41647,351.93286,362.52435,360.58594,2640412.2,49330500000000.0,1161027.9,0.3817993
2019-08-22,349.9548,345.3705,361.7283,345.2127,349.34818,350.53183,2725434.8,50776857000000.0,1001052.6,0.38960993
2019-08-23,342.2261,345.64127,360.2222,338.2118,347.27756,355.86755,2496304.5,64498230000000.0,1067150.4,0.3678268
2019-08-26,350.8145,348.31232,364.76358,344.51938,349.37344,347.8025,2976550.2,86251090000000.0,943328.0,0.35447943
2019-08-27,346.85574,347.7807,366.2544,346.29297,364.00302,360.53714,2895399.0,47879046000000.0,1121709.6,0.3341192
2019-08-28,355.5381,363.10095,375.7427,350.37296,365.94922,368.09384,2596322.8,89151634000000.0,1241782.8,0.38124478
2019-08-29,359.55447,362.57495,378.18552,353.19208,364.82492,366.1382,2562150.0,97165210000000.0,1030712.3,0.3776757
2019-08-30,362.90695,363.46002,382.91418,358.82376,368.76114,366.9091,2619691.0,68242390000000.0,863254.5,0.36687616
2019-09-03,364.00943,360.0752,368.94867,356.13904,359.33762,367.2678,2841891.2,33223514000000.0,987706.44,0.36278605
2019-09-04,358.9737,362.8706,373.37207,354.79337,362.84305,367.27753,2465621.0,71618705000000.0,903959.75,0.35769334
2019-09-05,360.48373,364.366,377.96906,356.31406,364.05722,361.9746,2546173.8,68600715000000.0,846207.75,0.32317346
2019-09-06,365.03058,361.34543,373.30597,356.62466,368.82858,364.9686,2228840.8,44889597000000.0,918777.5,0.3514061
2019-09-09,363.5933,358.40616,373.9329,353.68802,360.9189,360.058,2186729.8,84300650000000.0,985750.8,0.37098846
2019-09-11,358.28558,361.6286,372.1274,354.7362,359.73874,364.61954,2515103.0,95217010000000.0,1134933.5,0.41578937
2019-09-12,362.2404,368.26105,372.56564,357.4249,366.77847,359.4757,2649138.0,46292407000000.0,1114472.2,0.43009016
2019-09-13,363.40802,370.43484,378.22144,360.4703,371.31424,372.8471,2189914.8,56049755000000.0,1182952.8,0.43394408
2019-09-16,369.78345,379.24936,386.07526,367.5795,374.81714,373.74622,2444548.5,65416360000000.0,1086417.2,0.41947055
2019-09-17,367.16248,374.01266,381.9018,363.38107,376.69424,374.63586,2234608.8,40093620000000.0,1237792.6,0.45909637
2019-09-18,369.0895,371.09073,379.9617,368.0573,372.85864,370.93073,2287880.5,74274770000000.0,1020896.5,0.4158105
2019-09-19,369.62094,368.46194,380.77103,362.72617,372.02307,372.60367,2226947.0,38591804000000.0,1084146.8,0.4153639
2019-09-20,362.2933,355.27472,377.4142,356.7543,365.92337,362.74963,2509141.2,51620038000000.0,864260.44,0.3994346
2019-09-23,362.27585,371.10373,375.34875,355.4335,373.0931,376.67978,3063333.2,55880687000000.0,1436583.0,0.4210206
2019-09-24,385.97208,394.47485,394.6907,372.38382,386.18658,381.72424,3277449.0,99423300000000.0,1702556.1,0.42151758
2019-09-25,394.6665,398.78552,421.89297,389.04062,402.68497,400.98703,2388187.2,70484620000000.0,1427381.2,0.41093385
2019-09-26,407.56253,415.82614,427.3343,398.80676,409.71982,413.37927,2954867.0,83457360000000.0,1285714.8,0.45158294
2019-09-27,417.58313,423.43393,422.03522,401.33563,409.69113,419.9309,3691260.2,87560670000000.0,1904379.5,0.44351077
2019-09-30,413.3977,413.97186,421.80832,404.59766,414.609,408.51266,3238421.2,99894614000000.0,1715899.4,0.48174098
2019-10-01,408.01794,411.2306,416.1483,404.83707,413.88864,416.36716,2798841.0,22634941000000.0,1668571.0,0.4663664
2019-10-03,418.0857,414.01584,428.6552,401.19846,423.0031,420.8001,3002087.5,59693326000000.0,1583199.4,0.4763587
2019-10-04,403.0834,398.17706,416.6147,392.23016,399.9682,404.6467,2920122.2,98476910000000.0,1460718.9,0.48569313
2019-10-07,395.70596,394.2566,418.58835,402.12344,407.25,406.40692,2849637.2,96394340000000.0,1350612.9,0.45027423
2019-10-09,397.42142,385.30505,412.3272,382.67538,397.48593,397.79965,2744671.8,34783187000000.0,1045993.25,0.40306652
2019-10-10,394.44318,393.31192,409.9004,377.30484,397.76233,408.62564,3166890.0,36957736000000.0,1507014.4,0.47878805
2019-10-11,388.26746,394.51462,404.25284,387.47055,393.45288,394.46442,2451704.8,93309130000000.0,1385252.4,0.51148796
2019-10-14,394.60822,403.22897,417.5108,394.81766,406.4101,405.6582,2230501.5,82896910000000.0,1010376.94,0.4240973
2019-10-15,405.2774,403.22604,410.87103,390.71106,401.69748,405.93323,2405060.8,35924096000000.0,1340386.8,0.47070685
2019-10-16,407.86417,411.22067,419.836,397.5079,403.17484,412.9581,1887323.9,60289830000000.0,1288866.5,0.45008478
2019-10-17,406.44836,419.24655,425.83273,404.14294,406.5578,415.16214,2135145.0,74318050000000.0,1062172.9,0.4290974
2019-10-18,412.86725,413.49075,420.59457,406.1392,411.3158,414.84772,2422038.2,12718715000000.0,1016370.5,0.41113052
2019-10-22,408.52075,411.28195,423.65045,398.58606,415.3674,420.71988,2485358.8,49400416000000.0,1237519.6,0.38532043
2019-10-23,409.9752,417.70236,428.76126,406.76093,408.51703,418.30615,2627962.8,91768285000000.0,1010382.3,0.35871062
2019-10-24,397.9537,407.75955,423.18057,397.0314,411.3021,414.2794,3276390.2,88300160000000.0,1293414.0,0.34635162
2019-10-25,383.0137,388.8628,405.91528,378.58228,389.69205,396.23215,3616074.5,29856568000000.0,1488839.8,0.35570365
2019-10-27,378.03854,384.58524,405.023,371.42242,384.78662,393.65488,3021135.8,74780760000000.0,1263870.8,0.38480836
2019-10-29,388.32553,394.48544,417.27856,386.15784,399.6427,392.04477,2516101.0,88372810000000.0,738920.5,0.37955052
2019-10-30,392.3732,393.17136,398.85345,384.09253,390.96338,393.10165,2766949.8,93683244000000.0,942534.75,0.4401085
2019-10-31,398.52856,395.6153,396.3088,394.2045,390.3718,396.51108,2471943.8,101121280000000.0,1227656.6,0.39254108
2019-11-01,390.43845,398.55618,404.827,386.9681,394.31308,386.80527,2159854.8,77595270000000.0,1358977.0,0.4852798
2019-11-04,393.43063,395.13443,392.68332,389.7882,395.3825,391.90503,2475860.2,32847692000000.0,1488309.4,0.48635042
2019-11-05,393.75302,397.50134,401.5126,379.39108,396.81915,393.91907,2700203.5,57687744000000.0,1628763.8,0.5048056
2019-11-06,390.57843,381.1966,401.99063,376.6816,388.0693,384.9983,2584597.2,100268480000000.0,1324404.6,0.4929913
2019-11-07,389.03073,389.85562,406.14093,386.3599,394.05576,393.51978,2452601.2,45268070000000.0,1289031.0,0.5046011
2019-11-08,388.62973,386.52728,399.06335,378.9564,391.72324,391.1387,2503356.2,41321560000000.0,1129756.5,0.5055912
2019-11-11,386.95685,386.44302,400.54794,384.19614,391.3081,401.16898,1990854.4,50091067000000.0,1033169.4,0.45717382
2019-11-13,383.20813,380.88333,404.5111,381.25073,397.35062,393.88943,2356998.5,50622015000000.0,1124526.5,0.46675727
2019-11-14,383.79663,372.52432,399.49905,374.3345,387.31088,394.84372,2941710.5,27229432000000.0,1240849.5,0.38581404
2019-11-15,365.79715,371.5991,389.77847,357.3827,370.61435,379.71,3518589.2,36541397000000.0,1274146.2,0.43341514
2019-11-18,356.64636,363.5104,381.3746,352.97867,361.28873,368.68527,2294909.8,60293397000000.0,1179388.5,0.44753957
2019-11-19,363.05072,369.36237,377.80478,356.73486,364.99814,363.35522,2015743.9,78518445000000.0,995608.0,0.48347104
2019-11-20,367.6427,367.71182,363.11612,356.62863,358.713,361.65726,1976191.9,41422830000000.0,1108462.6,0.50045896
2019-11-21,365.5839,371.64328,375.84464,365.44357,364.54922,375.07608,2503195.8,88180905000000.0,1584040.6,0.46627283
2019-11-22,371.24216,386.7027,384.91965,365.28156,371.89908,372.0643,2777098.5,79362480000000.0,1709694.6,0.43775305
2019-11-25,370.26895,379.50644,380.3057,363.5108,368.2584,376.14877,3019218.8,15218887000000.0,1652633.8,0.45430884
2019-11-26,368.18954,376.23895,390.83926,367.711,378.40405,379.2893,2990108.5,98534510000000.0,1288087.0,0.39743754
2019-11-27,359.89514,368.48767,375.03622,345.89627,362.02576,367.5687,3536564.2,89700030000000.0,1719624.9,0.49442258
2019-11-28,366.2676,359.521,384.1355,361.88742,367.07053,362.84482,3082882.5,88451930000000.0,1197815.8,0.38043278
2019-11-29,361.87524,368.80084,392.63385,360.3823,372.912,375.9093,3252541.5,77035030000000.0,1051321.0,0.36811215
2019-12-02,363.18488,397.29868,369.77707,369.8679,370.60605,390.27667,7475369.5,147178700000000.0,3443119.5,0.3137596
2019-12-03,355.3946,373.26324,393.26294,350.7291,379.96683,352.91132,4226410.0,96116370000000.0,2803925.2,0.4062131
2019-12-04,336.59457,353.34924,381.09515,363.20667,360.54745,368.63242,4562886.0,92233310000000.0,1632535.8,0.34155115
2019-12-05,368.7852,381.4084,399.1161,350.05344,385.3634,381.80148,4585288.0,63613306000000.0,1875644.2,0.37624636
2019-12-06,368.37692,341.37244,364.60693,332.2005,333.56625,337.02936,4967018.0,219870010000000.0,1311587.6,0.37278965
2019-12-09,342.43277,358.79666,378.09732,381.60248,367.01508,375.6322,2700866.2,157560240000000.0,1327433.0,0.3717973
2019-12-10,380.18176,377.92554,381.40768,367.39658,389.49628,362.87015,3128664.8,48621230000000.0,1422663.4,0.37170526
2019-12-11,375.2446,351.7976,374.95605,350.24176,371.62744,395.47375,3106778.2,-17652470000000.0,1541948.2,0.3839748
2019-12-12,363.04614,353.11908,388.7436,374.77634,370.79138,369.81085,3846084.5,160379210000000.0,1268155.9,0.4053532
2019-12-13,363.25534,356.76236,387.43716,349.28018,369.4962,371.8941,3412328.2,61921554000000.0,1415985.1,0.3916847
2019-12-16,374.30154,355.3914,374.13843,354.91257,363.35986,371.81735,4109444.0,68183230000000.0,1031153.5,0.33770162
2019-12-17,350.61026,362.66187,382.55002,348.77847,365.81436,377.6047,2640514.2,62938782000000.0,1473738.8,0.3930456
2019-12-18,356.99344,370.26355,372.9951,355.71237,370.212,354.356,2557944.0,118093255000000.0,1556610.0,0.4646936
2019-12-19,377.8766,375.2607,385.06888,372.3243,385.57034,379.7744,1891895.8,37187165000000.0,1462970.4,0.42110997
2019-12-20,376.23972,371.5444,385.6192,368.8943,372.641,374.47888,3342296.2,81023700000000.0,1243617.8,0.45597035
2019-12-23,371.03555,387.8115,381.43317,372.28952,375.07855,389.6832,3719518.8,100785745000000.0,2225068.8,0.4323721
2019-12-24,361.35187,380.46344,381.9242,362.32538,362.8118,360.23074,3720883.0,81356420000000.0,1798040.5,0.45031703
2019-12-26,349.83646,366.07526,376.33057,353.55692,368.91052,368.2048,3126913.2,-10451145000000.0,1600013.4,0.4058995
2019-12-27,351.4322,364.12994,379.53308,351.62543,369.9926,365.75848,2987656.8,115376080000000.0,1435697.1,0.4133321
2019-12-30,361.66,352.034,377.75897,347.1952,355.21417,361.77463,2796241.0,91598260000000.0,1121844.9,0.3680239
2019-12-31,360.3159,361.2312,389.69992,370.17807,371.161,376.18997,3591915.5,147780400000000.0,1073774.2,0.30736825
2020-01-01,351.99207,358.7411,371.21625,353.14127,358.98398,359.7272,2863422.2,-13530493000000.0,952574.5,0.35893184
2020-01-02,360.14975,355.94028,384.4819,372.0171,386.41757,404.15143,3240680.5,74569365000000.0,1135310.5,0.25709322
2020-01-03,346.58704,369.21646,387.25656,347.89078,372.97858,365.8799,3909619.5,66586036000000.0,1151243.2,0.28332144
2020-01-06,349.23114,358.31656,385.91177,352.9312,370.5937,378.29507,3568703.8,68283097000000.0,1247951.2,0.2776463
2020-01-07,370.3751,373.22412,392.70892,364.51456,374.70245,386.50397,4099891.0,95563430000000.0,1489339.9,0.22919405
2020-01-08,368.02994,379.5378,377.6118,345.13986,359.78973,359.38074,5140552.5,114059786000000.0,1448912.5,0.30812633
2020-01-09,363.44037,365.33536,389.7965,378.83197,377.8219,387.05783,3438300.0,68553114000000.0,1421043.4,0.2854245
2020-01-10,382.80054,388.61847,399.9257,384.83755,396.36752,390.41977,4284110.5,110620930000000.0,1165686.0,0.303127
2020-01-13,394.4836,373.09332,384.87106,360.9132,379.09424,385.7159,3625534.2,65475930000000.0,1460689.6,0.3394045
2020-01-14,388.9191,360.14334,407.1455,393.88235,390.10666,398.57968,3889381.2,126874590000000.0,1219503.5,0.35420737
2020-01-15,383.19998,377.9969,399.18292,372.2853,387.9832,384.0458,4036121.8,151979010000000.0,1364392.6,0.38792044
2020-01-16,393.05167,375.34564,397.06708,381.22116,392.42154,386.27155,3231828.0,8484515500000.0,1396741.1,0.36608666
2020-01-17,373.4529,358.06516,410.36487,382.22824,394.1526,390.4468,3732857.8,78640360000000.0,1191921.2,0.34507695
2020-01-20,380.29593,382.0705,405.75,378.57803,404.30585,389.97116,2986482.2,98165860000000.0,1398093.6,0.391083
2020-01-21,388.15237,377.72476,406.54327,383.56226,392.34116,389.64642,2826312.2,73953490000000.0,1201071.2,0.35205373
2020-01-22,368.83472,369.87463,389.4912,375.0073,381.1052,381.7976,3203552.5,18334416000000.0,1050980.5,0.37887004
2020-01-23,374.67755,377.22736,401.16492,373.97635,389.56024,384.6184,2020451.6,55041090000000.0,1155827.4,0.36383986
2020-01-24,373.34818,377.78787,390.14197,366.96997,381.0042,381.17578,2163851.0,43333682000000.0,926100.3,0.359459
2020-01-27,374.90186,381.73993,396.08182,371.79202,378.09283,384.6658,2696509.5,23482256000000.0,873243.3,0.32091567
2020-01-28,372.06857,378.4992,395.44,372.3059,380.4298,386.72034,2125138.0,83476170000000.0,916920.75,0.31785825
2020-01-29,370.73178,375.5145,378.69672,359.479,359.82748,374.36533,2047367.1,27995792000000.0,820104.75,0.3669483
2020-01-30,371.2329,374.39368,391.72806,374.32275,377.37738,383.16904,2657765.0,73810860000000.0,878516.3,0.28827754
2020-01-31,364.09384,378.3627,383.95895,365.45532,373.56274,371.9649,2321248.2,76481050000000.0,778342.9,0.31616426
2020-02-01,362.33466,367.6373,377.17813,358.74628,372.6782,379.14987,1873896.4,57227814000000.0,1014538.6,0.34545732
2020-02-03,364.57242,364.2292,386.09134,358.2544,367.19162,361.21182,2664317.5,122624210000000.0,736233.7,0.30265847
2020-02-04,353.1336,359.7424,369.56775,350.42676,359.6022,358.23758,2823061.5,58316596000000.0,771938.0,0.30895138
2020-02-05,359.76813,371.5187,377.6297,365.01672,372.04883,366.153,2502183.5,96657020000000.0,910300.3,0.3015248
2020-02-06,354.46576,361.26193,375.5853,352.66666,363.20795,356.71674,2632208.5,119998475000000.0,832981.25,0.30318144
2020-02-07,354.45343,365.1375,365.2802,352.90237,362.06088,358.3243,2575452.0,30081376000000.0,1248659.1,0.40378144
2020-02-10,367.83176,370.8212,376.83475,357.16156,371.455,359.28625,2170386.2,84565620000000.0,1077221.5,0.41119075
2020-02-11,368.9167,367.65222,378.3974,355.7319,366.37518,364.55658,2265749.8,101651680000000.0,854009.7,0.39548907
2020-02-12,373.11575,366.8134,379.9971,369.03574,372.81998,368.7398,2648886.2,37543730000000.0,1122368.8,0.4109759
2020-02-13,369.91833,369.5131,384.46646,364.56165,376.69522,377.21158,2535759.5,68589718000000.0,979383.25,0.36696607
2020-02-14,369.0398,375.7375,381.9732,362.12268,371.2798,376.3627,2596108.8,59022057000000.0,999790.5,0.38808772
2020-02-17,372.0049,358.91272,387.57654,366.60944,376.7625,370.94824,2631677.0,47483810000000.0,954805.8,0.34930614
2020-02-18,361.49664,355.4693,380.21204,353.7,373.1603,367.9604,2859927.8,66190860000000.0,964230.94,0.38867813
2020-02-19,361.42804,357.79,378.75024,355.6554,366.66165,369.17667,2581553.5,86953215000000.0,946988.0,0.3534843
2020-02-20,364.32565,361.43765,387.17932,359.60162,372.09467,365.22122,2815184.5,57348260000000.0,852998.3,0.35018727
2020-02-24,359.77454,363.62674,379.32202,357.74503,371.89044,369.12833,2164034.2,32003940000000.0,893786.3,0.38790932
2020-02-25,365.16245,367.0551,380.954,360.80185,367.46817,369.50226,2059872.9,75796420000000.0,945972.56,0.37571248
2020-02-26,359.6135,363.60052,370.38336,355.42532,360.5312,360.4476,2562221.8,35739550000000.0,1006788.94,0.4003042
2020-02-27,356.90164,361.8367,365.4891,351.82693,360.35013,358.75534,2468434.5,48030970000000.0,1260350.8,0.41633847
2020-02-28,358.2613,363.6844,367.7803,348.72034,358.79233,360.4913,2070756.6,51660820000000.0,1189638.2,0.41653347
2020-03-02,343.66507,350.7428,353.7585,341.85406,345.7431,351.49414,2865791.5,65972520000000.0,1343370.5,0.43681493
2020-03-03,337.5424,343.35577,352.62128,339.03073,349.23367,343.52167,2286102.0,56480500000000.0,1382180.6,0.45684433
2020-03-04,335.1392,343.83337,344.11194,328.6158,338.1862,342.21927,2536467.2,60387480000000.0,1417406.8,0.4911051
2020-03-05,345.509,350.83,355.18164,338.94543,349.08237,346.62573,2548402.2,74090220000000.0,1458805.5,0.48779622
2020-03-06,342.19644,345.74683,363.09576,343.79507,351.35294,346.74683,2593029.0,95979900000000.0,1198901.4,0.4547771
2020-03-09,338.39044,349.43222,352.50027,336.09216,349.89032,355.30164,2854730.0,47178236000000.0,1395209.9,0.45637602
2020-03-11,332.503,332.5113,344.66418,329.42947,336.61667,336.78275,3038042.2,77099600000000.0,1305356.4,0.41175848
2020-03-12,314.65332,324.15845,331.6851,310.94376,322.8832,324.33752,3528865.5,52115997000000.0,1643736.0,0.4770603
2020-03-13,302.27258,317.63495,305.86508,296.16824,305.8335,307.46234,4583503.0,119133996000000.0,2389198.2,0.48291525
2020-03-16,279.64615,319.6109,279.29556,270.2322,282.84744,277.99893,7794112.0,214723430000000.0,4027387.8,0.46655464
2020-03-17,273.13632,280.59656,294.14307,279.87827,288.95566,262.382,5081907.0,155660690000000.0,3444125.5,0.40546694
2020-03-18,251.06168,284.03903,281.68542,263.4066,271.31134,267.90497,5781712.5,154019570000000.0,2661079.0,0.41467667
2020-03-19,260.61215,283.1865,299.96152,255.4887,278.59338,284.1145,4133307.2,163067700000000.0,2590619.0,0.45465502
2020-03-20,255.56517,245.86801,275.7754,257.70746,247.81407,265.56342,5912471.0,203726900000000.0,2278747.2,0.3822412
2020-03-23,244.76491,265.1115,269.11813,251.43187,267.08835,256.243,5383927.5,94159450000000.0,2287993.0,0.4111257
2020-03-24,228.07228,226.00127,246.82898,221.79785,235.84998,248.75133,5045163.5,97577630000000.0,2174234.0,0.38969776
2020-03-25,209.05902,233.32562,238.98264,216.67917,236.24257,242.77475,6266705.0,130946180000000.0,2344544.5,0.43152168
2020-03-26,214.89748,239.13707,233.1368,217.84052,241.83904,220.08763,5153131.0,189360360000000.0,2828798.5,0.4015365
2020-03-27,237.6455,246.76927,253.21136,238.98454,247.91281,250.52995,4903828.5,167951270000000.0,2834392.0,0.40144572
2020-03-30,237.87991,236.90047,250.51651,237.12453,252.19667,246.14334,5208030.0,150355480000000.0,2323528.8,0.39724138
2020-03-31,247.29503,253.7483,268.40952,234.23192,246.86298,264.40012,4538955.0,126461655000000.0,2338598.8,0.43135405
2020-04-01,251.32758,268.43335,261.2769,248.69006,266.79752,260.17944,5115593.5,118104300000000.0,2036654.5,0.42475882
2020-04-03,254.57428,249.66995,259.3211,249.83508,254.19386,253.52174,3994388.2,100255270000000.0,1714530.5,0.34919474
2020-04-07,237.0197,244.69968,248.87425,238.23439,256.28787,265.2577,4828227.0,94623180000000.0,2079993.8,0.40699238
2020-04-08,242.7969,252.92479,255.42982,234.94777,253.1959,249.08159,4268249.5,169983820000000.0,2357853.8,0.4482079
2020-04-09,238.06155,251.50491,259.72476,248.87418,253.48955,250.18683,4496025.5,172978430000000.0,2010800.6,0.3992101
2020-04-13,241.9143,244.50693,250.15057,245.90167,259.36185,249.39645,4155793.2,62902060000000.0,1966317.5,0.3863153
2020-04-15,246.88412,246.51038,263.84302,235.97429,265.5559,268.16464,4492885.0,108759720000000.0,2031622.1,0.38678694
2020-04-16,256.8605,264.30484,276.77335,251.52867,267.49564,277.10425,4398641.0,143902640000000.0,1979477.5,0.38666296
2020-04-17,258.4687,280.29422,279.42053,259.9658,268.44693,271.38773,3784288.8,86241000000000.0,1568941.1,0.3715326
2020-04-20,270.43802,260.7575,278.6542,262.04996,269.55807,280.21255,3861220.2,38010070000000.0,1513906.9,0.39350134
2020-04-21,271.30295,262.65686,278.88876,257.7984,270.98187,279.92593,3378626.8,125507610000000.0,1078643.1,0.36575362
2020-04-22,268.5812,263.058,281.26212,268.11954,267.82727,275.2862,3303721.5,111447620000000.0,1265629.1,0.3831175
2020-04-23,262.89328,264.47968,277.77606,279.18924,284.46954,283.29297,3593949.5,69252917000000.0,1080887.2,0.30952856
2020-04-24,274.62628,271.66614,281.4981,258.0124,274.9629,279.04608,3041604.2,76101420000000.0,1471611.4,0.3461987
2020-04-27,266.504,266.23154,280.37506,264.9148,275.37766,273.98553,3049929.5,89422100000000.0,1312979.0,0.39167258
2020-04-28,268.48645,274.675,291.07156,271.65698,285.17896,269.64365,3023168.5,100599160000000.0,1060202.2,0.38927373
2020-04-29,274.36163,275.75366,279.36337,263.76926,277.51468,281.65125,2559078.8,49734710000000.0,1093310.6,0.38357112
2020-04-30,286.5836,278.79398,295.8171,273.43845,283.6118,284.32492,2564737.2,56429090000000.0,1148898.2,0.350395
2020-05-04,280.17166,288.4152,296.20392,284.14075,290.19446,291.06842,2986937.0,83087620000000.0,1137364.9,0.34748742
2020-05-05,270.38962,286.90073,275.04074,275.77676,277.34448,288.56284,3473606.2,72501220000000.0,1624836.9,0.40718356
2020-05-06,263.92712,265.35898,275.61304,265.81824,273.498,270.46735,3090268.8,49486580000000.0,1563354.1,0.35345238
2020-05-07,257.93585,261.38306,278.6142,255.51396,267.73627,272.67264,4206443.5,71284880000000.0,1697341.0,0.33163637
2020-05-08,262.2709,284.2891,293.40558,267.42914,289.4503,283.1651,4190035.2,117697874000000.0,1661889.6,0.2980958
2020-05-11,260.73618,274.81265,299.80017,266.44928,276.3448,281.292,3588871.5,128756610000000.0,1253478.6,0.29991552
2020-05-12,273.2044,276.89944,305.17078,274.29337,288.23758,295.44238,3511659.0,88641000000000.0,959266.94,0.2687475
2020-05-13,289.35352,286.1069,289.65884,269.95114,282.20737,276.96643,3667679.2,67236210000000.0,1220685.1,0.37332132
2020-05-14,290.6099,286.2349,291.67334,291.4692,295.87094,300.51974,4423176.5,113018820000000.0,1628183.5,0.33568573
2020-05-15,290.50745,302.1989,307.7117,301.643,308.41946,298.81244,4257941.0,146075780000000.0,1807638.9,0.3408959
2020-05-18,296.08252,300.8136,314.09445,294.00925,309.1145,307.2546,3059743.8,61571854000000.0,1526974.0,0.36861902
2020-05-19,302.6088,299.9514,320.2431,296.93707,307.78983,315.18134,3316531.5,85764470000000.0,1515674.5,0.3604414
2020-05-20,309.5418,305.1564,312.6129,297.46182,308.08685,306.68372,5141516.0,114353590000000.0,1934725.1,0.3457552
2020-05-21,305.3597,305.43094,325.97873,306.11084,324.94907,319.23468,4108976.5,71714220000000.0,2055000.2,0.3393171
2020-05-22,306.5352,318.3945,333.0946,310.10925,327.10324,327.27203,4231077.0,96861390000000.0,1685659.0,0.36986345
2020-05-26,312.0163,312.81683,328.26416,301.5475,327.1608,328.6952,3695278.0,72358950000000.0,1485131.2,0.35291392
2020-05-27,315.0073,301.13324,324.86023,303.91574,316.8555,314.5325,4136602.5,119200160000000.0,1315977.0,0.3630204
2020-05-28,309.1921,303.79013,326.36377,303.3356,321.29718,326.486,4074558.5,122311930000000.0,1703230.4,0.35770097
2020-05-29,321.89587,313.93326,338.7066,317.72537,322.80722,328.4601,4341895.0,95220430000000.0,1811491.2,0.3676739
2020-06-01,305.49802,331.31143,320.6281,303.95508,315.1054,330.181,6090239.0,103323280000000.0,2755285.5,0.43841517
2020-06-02,331.05527,331.8237,351.40765,326.03452,340.64282,324.12375,3900994.2,142504520000000.0,2271649.0,0.38663417
2020-06-03,332.01617,334.40347,344.32547,329.80478,339.3219,330.73593,4289987.5,128570920000000.0,1743369.5,0.34506047
2020-06-04,338.8303,343.56964,354.7944,336.6173,349.69763,351.93265,3933212.2,81821120000000.0,2072820.0,0.4213649
2020-06-05,334.63785,332.36472,356.8209,329.0759,338.98285,349.78452,3760545.2,151200300000000.0,2061552.9,0.44921544
2020-06-08,336.45212,344.81683,356.25967,335.4943,342.1473,341.906,3489828.2,96648005000000.0,1453592.8,0.38520765
2020-06-09,339.32645,336.75327,353.89194,336.8627,355.70358,342.75394,3122239.0,20482106000000.0,1506401.6,0.41611525
2020-06-10,337.84106,331.67865,355.52924,337.55756,350.26062,355.27704,3534287.8,104651130000000.0,1415549.0,0.4228561
2020-06-11,331.589,340.73584,355.26398,334.4748,343.6337,347.79535,3200677.0,75658790000000.0,1220357.5,0.3412766
2020-06-12,332.3153,336.00037,353.30423,328.40695,336.6082,344.12842,3566912.2,36835795000000.0,1461289.0,0.39941776
2020-06-15,332.56445,329.7336,347.0998,325.73218,339.30853,347.48834,3072016.5,63908614000000.0,1371731.2,0.3153928
2020-06-16,333.79224,332.3434,355.19193,325.39252,333.0294,340.5906,2971668.0,119505820000000.0,1047720.7,0.32890505
2020-06-17,331.95312,332.78488,352.24332,328.7762,342.20215,339.9358,2814898.0,76333550000000.0,879085.56,0.3181747
2020-06-18,342.2076,339.21686,357.09015,332.94437,341.32913,347.02512,2583456.8,76766006000000.0,1111954.4,0.3439718
2020-06-19,344.51068,338.94693,349.375,333.8145,329.88568,344.00436,2729138.0,84659100000000.0,867443.0,0.3042342
2020-06-22,338.45193,351.1489,356.04593,340.0273,347.67596,343.25015,3458819.2,137618340000000.0,1497939.2,0.3784191
2020-06-23,336.80316,348.99216,357.04257,343.49045,347.59634,341.66922,2719116.0,102846700000000.0,1166350.9,0.31597406
2020-06-24,341.69708,349.259,358.83038,336.09778,347.92072,352.55435,2651364.8,47030643000000.0,1218917.1,0.3263346
2020-06-25,347.30338,346.2812,363.5975,328.7853,346.8157,336.8168,2619401.0,66724880000000.0,1260314.0,0.38348147
2020-06-26,342.1186,343.75848,355.96063,337.71048,344.67657,345.8897,3271517.8,115808230000000.0,1473101.8,0.41093442
2020-06-29,337.71246,349.69592,344.87662,339.1872,340.8672,337.158,3004623.0,102226430000000.0,1364295.9,0.42027438
2020-06-30,333.50146,336.68964,347.52704,332.5254,342.5523,337.72733,2507436.2,14439515000000.0,1373221.4,0.428966
2020-07-01,342.02512,347.16147,356.65472,337.16928,353.0548,351.65414,2834641.5,63194280000000.0,1280657.0,0.44582507
2020-07-02,344.73987,341.9415,361.62344,337.82916,344.45993,346.2816,2550296.2,83581930000000.0,1122494.8,0.39593923
2020-07-03,342.50317,340.11966,366.78516,342.81497,351.32452,349.2749,2981183.8,99705210000000.0,965430.0,0.3623021
2020-07-06,350.96762,342.71075,367.30353,351.69867,362.53995,363.68622,3017421.0,51578468000000.0,1217612.9,0.26697943
2020-07-07,340.8043,354.7804,375.9389,335.78275,360.04013,355.68314,3426921.0,75414280000000.0,1127596.5,0.30346426
2020-07-08,334.9406,340.40814,367.58936,340.94882,356.30048,355.27927,3150864.0,63265707000000.0,1224240.5,0.314658
2020-07-09,334.7937,337.45044,363.40262,330.58182,352.71622,349.5868,3695112.2,73914170000000.0,1191998.2,0.3348081
2020-07-10,343.58792,331.99103,346.44254,320.3583,331.69193,337.81064,3537646.8,76594160000000.0,1023382.44,0.32183456
2020-07-13,331.65033,330.20804,356.06284,338.43353,338.92447,349.6714,3417881.5,94697385000000.0,970664.7,0.29217193
2020-07-14,328.36218,335.021,341.52045,329.151,332.06308,330.28455,3437230.0,77342270000000.0,1047985.75,0.34238848
2020-07-15,321.98062,318.21524,324.24808,315.77588,324.93207,333.86163,2271150.5,26830590000000.0,1374590.5,0.3695493
2020-07-16,319.71075,313.11865,328.45328,312.04736,318.4868,315.5513,3057756.8,98855830000000.0,1467752.6,0.43037152
2020-07-17,316.15018,313.55936,320.63818,307.2643,323.59735,312.84573,3213851.2,98550170000000.0,1710581.5,0.4527834
2020-07-20,316.66083,318.94177,330.3171,313.57648,321.08456,314.04755,2841966.0,121073770000000.0,1441066.6,0.4391097
2020-07-21,306.94998,314.91388,328.50748,309.98434,321.46948,323.04678,3148937.8,66366650000000.0,1541222.6,0.4033906
2020-07-22,309.3479,313.71582,331.81186,314.11105,323.42557,320.90616,3240706.5,89342270000000.0,1402747.0,0.37147045
2020-07-23,301.81314,308.71396,325.01593,303.0799,316.8981,318.16223,3167101.5,39652470000000.0,1384672.6,0.36547473
2020-07-24,306.17163,311.1501,330.56226,302.4572,313.4698,315.54538,3415094.0,92780295000000.0,1225252.5,0.35560894
2020-07-27,304.02853,302.91714,332.34335,303.6703,318.31128,312.3876,3257963.2,83630605000000.0,1031676.2,0.3086526
2020-07-28,294.97507,302.18533,313.71616,294.49213,303.9278,310.65005,3667474.5,92238410000000.0,1262752.8,0.3682992
2020-07-29,305.71686,309.7319,324.1473,301.7161,316.73752,315.8661,3172705.8,60924413000000.0,1358465.8,0.3091933
2020-07-30,299.84427,311.34583,326.94656,304.83884,314.59323,316.99237,3298970.2,126607470000000.0,1127164.5,0.29112065
2020-07-31,304.64377,310.67203,326.3485,305.85825,313.03366,317.74036,2670816.0,46272854000000.0,1159800.8,0.31623426
2020-08-03,316.8929,311.2123,331.6427,308.36862,312.95242,319.56146,3255357.2,117872390000000.0,944358.2,0.27026176
2020-08-04,315.39502,314.5865,322.33353,301.64212,305.70444,309.63083,3404968.2,76883710000000.0,765785.0,0.26883233
2020-08-05,314.77435,309.26733,329.65015,315.8861,321.6133,319.78174,3147464.8,100424660000000.0,946119.0,0.24971431
2020-08-06,310.72736,309.92917,327.49863,309.28778,323.21823,321.46686,3306825.2,89855260000000.0,1239540.2,0.25541043
2020-08-07,300.92282,312.23288,326.03976,302.72742,319.67447,319.5677,3517676.5,75856310000000.0,1282992.8,0.2726256
2020-08-10,306.08383,312.2821,335.6975,308.1548,319.6484,319.2348,3223213.0,109450790000000.0,1174174.8,0.29694197
2020-08-11,320.54337,316.8604,335.23022,306.93088,322.06406,317.918,3512035.8,82183650000000.0,1123274.5,0.32851365
2020-08-12,332.57266,326.49255,341.2635,322.7254,325.70422,323.50058,3394635.8,94634345000000.0,1005310.9,0.29399392
2020-08-13,323.54996,328.86935,351.8097,339.68365,346.77563,348.34015,3815688.5,83435380000000.0,1345061.6,0.26238388
2020-08-14,325.24133,343.6129,347.64716,327.67477,343.6734,334.57712,3309803.0,64004620000000.0,1375133.5,0.32036296
2020-08-17,336.00394,333.18048,356.7532,337.6484,351.04697,352.48123,2719105.0,47688314000000.0,1288301.2,0.30360118
2020-08-18,347.1805,341.81924,364.04523,333.93005,349.20947,346.60284,3771333.0,91566086000000.0,1340122.2,0.36808804
2020-08-19,353.9606,345.11038,362.6699,339.83414,351.3409,346.15433,3672169.0,106370420000000.0,1293683.9,0.34752855
2020-08-20,345.71832,339.5459,373.84363,357.31247,360.47467,361.51923,3470261.2,93946740000000.0,982461.6,0.30216345
2020-08-21,343.25867,350.3509,361.79047,342.8324,362.0386,354.73996,3503304.0,45709726000000.0,1277786.4,0.35361186
2020-08-24,348.78735,340.45288,363.39362,346.00665,362.83914,361.83725,2521587.2,69147023000000.0,1212427.4,0.34998807
2020-08-25,349.51636,339.61118,372.84622,352.28326,364.14868,362.5944,3119227.5,93918260000000.0,1030402.44,0.3085272
2020-08-26,348.6327,339.47794,365.70636,336.73474,354.0809,352.59198,3668051.8,83228660000000.0,1365877.0,0.32164046
2020-08-27,345.34933,336.63962,365.2328,347.6461,357.40997,362.6061,3894339.8,39197105000000.0,1576714.0,0.2573537
2020-08-28,323.24063,347.17688,362.36206,326.2113,345.8521,346.73288,3936347.8,86124080000000.0,1338538.0,0.33393872
2020-08-31,343.0926,348.1678,368.06726,341.73422,361.07196,359.93427,2949749.2,80062940000000.0,1371126.6,0.30135012
2020-09-01,346.0031,343.08685,369.93506,350.17804,369.43475,376.76025,4552574.0,78399750000000.0,1973834.4,0.24373448
2020-09-02,322.97525,347.3776,354.2773,319.75772,335.92746,344.5992,5324058.5,97519330000000.0,1773263.2,0.27038258
2020-09-03,318.88574,327.0981,383.4734,346.7382,355.2202,376.38266,3834615.0,88237950000000.0,1612003.5,0.22391476
2020-09-04,349.02292,353.63406,373.00754,328.79977,350.66214,348.58405,5015242.0,78794260000000.0,978582.44,0.25955066
2020-09-07,353.01196,343.2704,347.24005,333.40097,346.63507,361.2125,5131151.0,106546930000000.0,1622399.2,0.27768022
2020-09-08,329.6503,310.5757,367.62894,356.54727,348.4955,351.021,4156156.5,191592750000000.0,1246533.6,0.26854685
2020-09-09,333.33267,332.29248,359.651,331.59515,355.41522,346.15707,4502949.5,89710710000000.0,1369742.2,0.26095855
2020-09-10,343.22073,332.45554,354.4028,339.33688,352.12817,354.18808,4341609.0,65055765000000.0,1378388.6,0.23554333
2020-09-11,328.84998,315.92206,356.51108,335.66006,340.65018,345.4304,4400862.0,139352480000000.0,1336181.4,0.25256088
2020-09-14,327.23523,321.17874,356.57922,331.76645,353.0282,339.54904,3878020.2,157067780000000.0,1552960.9,0.2461229
2020-09-15,336.3465,328.70462,361.93994,330.1844,352.6262,336.9951,3908207.2,10930524000000.0,1341671.9,0.27842852
2020-09-16,328.16214,337.0203,361.85382,334.77582,350.77017,354.94598,3902632.0,103394570000000.0,1135769.2,0.24322344
2020-09-17,342.78403,350.20795,366.51917,346.78027,358.99805,349.84552,3114108.8,138542785000000.0,1137972.4,0.24758887
2020-09-18,338.5123,326.24683,346.24976,332.20694,346.58466,344.14856,3364438.0,75974255000000.0,1062932.5,0.28560594
2020-09-21,347.6717,348.6152,353.52036,336.44736,343.9847,355.52524,3390037.0,21456893000000.0,1374651.6,0.3132317
2020-09-22,341.79617,345.93207,364.61276,342.07794,353.32224,358.16223,3447692.2,95163410000000.0,1452577.2,0.30087277
2020-09-23,323.24225,322.3602,345.8016,324.34256,332.16592,336.84772,3294701.5,68229356000000.0,1251373.0,0.28191325
2020-09-24,316.0989,321.0137,341.2078,315.0951,336.9842,339.14542,3956889.2,69666780000000.0,1584679.6,0.31864962
2020-09-25,307.09393,315.20065,317.17505,305.25333,309.12238,312.68973,3474134.8,134241570000000.0,1566250.0,0.3513466
2020-09-28,309.60233,319.13446,341.31958,319.61868,333.7425,329.51053,2958032.8,91834680000000.0,1394091.2,0.30577576
2020-09-29,317.31424,324.2123,345.33322,324.387,333.3784,324.21933,3903459.2,140886080000000.0,1217734.8,0.2726671
2020-09-30,320.5828,329.49487,352.0633,326.3781,341.76428,342.16785,3097519.5,78682460000000.0,1124141.0,0.2524361
2020-10-01,322.7528,330.13257,352.24963,327.6915,338.56476,336.93268,3696638.0,158438600000000.0,916533.2,0.25450966
2020-10-05,337.6464,333.22403,355.1176,327.9344,345.1808,336.36343,3425293.5,74440760000000.0,808278.5,0.24332978
2020-10-06,328.68832,349.4824,340.29678,318.967,334.41394,337.28168,5538619.0,116821940000000.0,2458616.5,0.39048043
2020-10-07,351.64178,353.43674,366.7202,353.47632,360.1227,346.42203,3618213.2,155786160000000.0,2173371.2,0.30078745
2020-10-08,338.06976,352.61252,363.1398,347.4296,362.04858,348.45013,4539179.5,111015890000000.0,1395585.5,0.29612696
2020-10-09,353.02216,352.7807,376.296,355.457,369.4779,374.43384,3131909.0,45480797000000.0,1442925.4,0.29536358
2020-10-12,360.56863,346.0811,381.0085,342.71872,357.4133,368.829,3892840.8,146318200000000.0,1326184.2,0.28505766
2020-10-13,356.2737,352.6354,359.0506,343.93658,345.36075,347.68204,3874094.2,39563920000000.0,1304339.2,0.35465246
2020-10-14,349.579,339.05548,369.9033,349.17392,372.80124,357.6649,3324218.5,78849570000000.0,1261747.5,0.35139132
2020-10-15,351.7426,345.38412,359.6677,339.11,360.96188,354.91846,3520897.8,110449030000000.0,1188869.4,0.38923436
2020-10-16,334.79495,335.42032,353.51373,340.55167,355.1048,346.94742,3029960.5,102737665000000.0,1255797.9,0.3735647
2020-10-19,345.2762,338.1746,365.53192,338.7507,351.8685,344.53476,2720097.8,62959577000000.0,1298727.2,0.39948913
2020-10-20,338.59766,333.1943,349.84454,333.85062,342.70566,358.18036,3097926.5,74289490000000.0,1386555.8,0.37707338
2020-10-21,350.30258,343.2675,363.98984,338.9151,344.35492,343.21127,2450889.5,65747940000000.0,1135070.6,0.3951618
2020-10-22,341.20117,352.09048,363.9885,344.88086,357.3494,358.89716,3147760.2,34422011000000.0,1154641.5,0.35694423
2020-10-23,355.39667,357.05792,371.94424,352.08514,364.71222,356.1648,2455619.0,85383975000000.0,1155066.4,0.3246634
2020-10-26,354.58798,358.37354,377.09207,349.7413,367.58633,372.63452,2820215.0,64391950000000.0,1375160.0,0.29688972
2020-10-27,348.73065,357.60773,382.37448,355.2339,364.1759,373.28204,3685817.8,118002620000000.0,1428253.9,0.28150457
2020-10-28,339.43073,361.4044,372.97357,344.12335,360.32602,368.9511,4000715.5,37545610000000.0,1366788.0,0.2799945
2020-10-29,333.37537,338.95187,368.72232,335.60217,347.13757,357.36542,3984477.5,82590470000000.0,1244777.9,0.2883074
2020-10-30,334.15808,335.94992,362.56152,329.9944,348.2639,341.77423,3836692.8,55040555000000.0,949316.0,0.26594537
2020-11-02,340.2385,341.99753,357.18866,339.3758,351.39508,358.6601,4404170.5,114761635000000.0,1500038.5,0.25608677
2020-11-03,330.95007,351.81235,351.98343,337.12433,350.5942,346.8717,4118460.5,114714790000000.0,1827317.4,0.30262232
2020-11-04,333.97708,340.9418,364.13544,349.42072,354.62997,359.57098,4056797.8,141659380000000.0,1961284.4,0.316695
2020-11-05,339.07132,343.8126,357.79712,343.06662,360.47763,361.13632,5487748.0,48454970000000.0,2368373.0,0.27326614
2020-11-06,336.33337,366.6631,350.8749,320.01736,341.8653,352.4325,8206310.0,161004870000000.0,3435470.5,0.35319427
2020-11-09,336.6225,348.14853,385.95938,352.91867,367.53424,358.4972,5450730.0,212343350000000.0,2786506.8,0.32945475
2020-11-10,355.21426,368.35568,376.20676,350.04102,367.91016,357.08908,6519666.0,159543240000000.0,2305113.5,0.38226533
2020-11-11,365.89148,359.65594,364.47687,347.56317,369.55432,365.26822,5567705.0,132006885000000.0,2406510.8,0.3856586
2020-11-12,361.086,332.88412,391.15924,369.22913,373.49457,373.22583,5114330.0,224429860000000.0,2067743.4,0.3800516
2020-11-13,361.32016,360.61145,378.51834,365.41254,382.82843,372.79398,5229389.5,144252750000000.0,2246708.8,0.407788
2020-11-14,370.933,343.27487,383.58612,358.52832,385.84772,381.27646,4565847.5,12772883000000.0,2168753.8,0.3962182
2020-11-17,364.989,338.3204,384.4981,349.87238,367.94354,384.669,4780665.0,89340490000000.0,1753900.5,0.45520642
2020-11-18,361.38638,360.86465,386.79935,363.29868,384.72504,381.59464,5110569.5,148394780000000.0,2283443.2,0.3829066
2020-11-19,371.15036,370.77576,397.96054,364.3306,385.733,382.6333,5695605.5,75691844000000.0,2827921.5,0.37094215
2020-11-20,348.4135,361.04514,390.32422,365.1142,377.8719,393.63666,5313194.0,89031640000000.0,2424920.8,0.30842417
2020-11-23,358.16956,378.55576,412.51544,363.54486,387.6717,398.1231,3993382.2,116509955000000.0,2078657.2,0.32015958
2020-11-24,371.79343,363.6503,389.1137,351.62457,368.83945,381.32147,4965309.5,82718000000000.0,1533857.1,0.32167095
2020-11-25,379.6807,362.97794,399.4475,385.45465,388.1823,403.181,5079646.0,113200420000000.0,1987734.9,0.22069567
2020-11-26,342.8247,375.74908,394.89124,371.81888,386.61438,400.2933,6126390.0,100193820000000.0,2615776.5,0.22728972
2020-11-27,338.4924,369.28152,405.60556,360.23248,382.8096,407.59247,4925237.5,74757135000000.0,2492301.5,0.24174218
2020-12-01,362.39322,390.37012,420.69125,362.83734,394.99808,410.32907,6362174.5,71572224000000.0,2374887.0,0.2883532
2020-12-02,397.68616,394.78906,410.194,377.2728,383.47458,397.59167,6571760.5,178592290000000.0,2033668.9,0.27089867
2020-12-03,398.77164,382.53088,425.2254,406.1253,409.13443,426.06482,6656074.0,133546220000000.0,2132003.5,0.24146481
2020-12-04,404.13235,403.1181,437.1155,415.89545,419.5325,426.70886,7134979.0,177318980000000.0,2293581.2,0.28571534
2020-12-07,411.30096,420.8634,441.9156,423.445,451.3788,456.20215,4932197.0,93581360000000.0,2366148.5,0.23331808
2020-12-08,432.97534,421.00494,467.42957,450.71893,468.0825,471.1629,5455331.5,132892970000000.0,2447236.8,0.22605671
2020-12-09,424.4742,409.26044,470.3582,420.99463,466.7602,459.3438,6541725.0,164576750000000.0,2569089.2,0.27967498
2020-12-10,443.55936,404.58725,497.98935,437.52066,460.73306,472.00635,6476378.0,90040640000000.0,2254411.0,0.26387107
2020-12-11,441.38916,431.45267,483.2919,432.02756,456.7104,465.89734,8028161.0,85468885000000.0,1658596.5,0.23284498
2020-12-14,458.0827,440.07782,474.03394,446.6718,465.76917,463.8266,6214003.5,136244610000000.0,1585155.6,0.22531372
2020-12-15,433.90976,409.15485,468.93768,459.1435,470.67404,478.49454,5026759.0,140814830000000.0,1700565.4,0.22403084
2020-12-16,453.13876,433.9528,471.4356,448.6429,475.16666,472.44485,4871079.0,105411280000000.0,2167384.0,0.23891035
2020-12-17,452.04678,434.70184,487.2135,439.3881,467.58023,483.98593,4741472.0,15069895000000.0,2417292.5,0.2674465
2020-12-18,451.34735,421.0852,492.37802,447.61276,448.85025,476.8912,5845400.5,148210880000000.0,2232230.0,0.30340672
2020-12-21,446.40128,441.62646,479.30988,429.38248,455.42117,461.12842,5885086.5,85110660000000.0,2177785.2,0.3108311
2020-12-22,424.9934,423.67453,456.14526,437.03555,443.04782,445.65765,5831411.0,116518890000000.0,1865899.5,0.26936674
2020-12-23,409.1185,434.49722,457.05917,438.89038,454.59906,463.57904,4215641.5,61113597000000.0,2208636.2,0.23262408
2020-12-24,431.0093,445.58798,479.3098,438.87817,458.8626,456.42987,3557053.5,160734170000000.0,2332106.5,0.26954794
2020-12-28,442.14526,446.1211,484.6403,450.51575,462.98953,474.18024,3607107.0,128641100000000.0,1775820.6,0.23038977
2020-12-29,457.20813,453.0923,500.74408,466.06055,472.72522,488.7475,5263195.5,109675240000000.0,1574371.1,0.20776741
2020-12-30,444.7235,436.12366,485.57657,442.1463,463.3716,472.76642,5015063.5,34780930000000.0,1336638.9,0.20715208
2020-12-31,442.7992,446.55548,494.6421,442.14798,467.9608,480.94077,4978897.0,28173654000000.0,1170373.6,0.20563099
2021-01-01,438.7109,458.62048,481.36157,445.71024,470.88733,476.83798,5150808.0,99399550000000.0,1318909.8,0.22133635
2021-01-04,458.68314,463.8596,478.8324,463.1219,481.0215,480.4086,3261464.8,203392400000000.0,1340602.6,0.19966741
2021-01-05,460.98465,453.07578,493.2912,474.3935,483.00754,492.379,3321947.2,120740414000000.0,1627992.9,0.19839057
2021-01-06,477.46463,458.3863,509.7844,475.89392,489.18942,488.3935,4265196.0,109804750000000.0,1269710.6,0.20984071
2021-01-07,479.5896,469.28812,518.13385,473.54288,497.1327,504.9871,4106248.2,44877815000000.0,1359738.2,0.20142801
2021-01-08,485.06323,477.66562,508.58203,486.12296,499.79373,507.7528,5637275.0,109490435000000.0,1394339.5,0.18934081
2021-01-11,478.52383,483.95593,511.73624,474.8988,506.61078,497.86954,4956451.0,121539090000000.0,1578274.1,0.2199206
2021-01-12,468.58493,479.6713,516.02435,483.1464,499.23203,504.2272,4424934.0,117585064000000.0,1755523.0,0.2564119
2021-01-13,487.44922,490.75375,514.2077,471.0381,499.384,498.20026,4928079.5,75363730000000.0,2009164.9,0.27775198
2021-01-14,506.07117,483.5537,525.9391,492.24686,508.407,509.84882,4647830.0,138369380000000.0,1989861.1,0.24493834
2021-01-15,502.79865,485.96603,546.5047,509.08075,517.79364,530.04346,4599786.0,101871730000000.0,1609135.9,0.23322126
2021-01-18,504.55963,495.24066,544.0266,511.71463,534.0116,538.0232,5535352.0,71785890000000.0,1566343.6,0.23962006
2021-01-19,493.0438,482.76965,531.49426,487.8116,512.97394,520.90485,4963925.5,32354350000000.0,1770483.6,0.25882688
2021-01-20,494.5754,487.9725,525.73267,493.62686,511.73163,516.3109,5299405.5,91105620000000.0,1905072.4,0.26724148
2021-01-21,502.3843,512.8738,548.18414,511.43628,535.7815,531.4951,5172290.0,168252580000000.0,2487138.2,0.25624707
2021-01-22,511.1529,514.9047,561.9389,516.2754,537.7766,531.10724,4828418.0,141355580000000.0,2171634.0,0.26820937
2021-01-25,503.45444,500.70206,564.51385,520.1363,537.8008,551.0315,4619094.5,51737667000000.0,1935907.9,0.21810278
2021-01-27,507.2662,494.516,562.0455,507.3844,537.68805,534.80005,5417428.0,76143320000000.0,1668483.0,0.22642311
2021-01-28,500.61618,493.81924,527.20355,495.4616,517.4677,528.1382,5801412.0,83004870000000.0,1799300.5,0.22810614
2021-01-29,480.45007,484.30844,525.19586,502.69104,520.3671,521.43054,5385499.5,108293650000000.0,1645462.0,0.21669517
2021-02-01,474.34644,478.0388,518.5469,485.1497,512.20593,511.63315,4361249.0,137732865000000.0,1875893.4,0.25433543
2021-02-02,494.72394,489.7528,522.97723,476.8099,510.99487,518.3127,4326256.0,53995360000000.0,2330610.5,0.25602788
2021-02-03,512.7914,492.30692,547.1122,499.48813,514.2135,523.0668,5224960.5,133189290000000.0,1972080.9,0.2539368
2021-02-04,510.96295,513.99115,558.16376,522.3277,535.8161,549.56744,4893928.0,183119900000000.0,1773456.6,0.26050812
2021-02-05,535.9204,533.1316,572.68243,529.5713,551.7036,561.49493,4592921.5,59988530000000.0,1884967.9,0.25472507
2021-02-08,535.49915,528.43445,556.47925,527.0342,541.3779,556.31445,5189572.0,98838350000000.0,1677323.8,0.27098393
2021-02-09,544.393,556.11993,587.5023,551.9435,574.97687,573.4614,3943843.8,134967330000000.0,1988967.8,0.25657073
2021-02-10,551.4137,549.1773,584.15405,551.6229,574.7595,574.8755,5210393.0,154642030000000.0,2294803.5,0.26575246
2021-02-11,527.8551,530.60034,568.9086,540.1356,560.08264,578.3719,5539843.0,57978296000000.0,2794280.8,0.22804832
2021-02-12,516.7634,533.2596,597.352,529.35376,560.0352,569.9449,5982237.0,61706772000000.0,2716539.5,0.27201992
2021-02-15,539.2669,553.45166,605.992,561.6261,585.00555,604.23706,5537175.5,73414940000000.0,2695408.8,0.16104989
2021-02-16,534.404,566.98285,622.79596,550.07196,592.69305,593.6047,6969794.5,65231780000000.0,2154698.0,0.17570704
2021-02-17,543.63983,551.41455,628.6848,582.2958,589.6573,627.75134,6464483.5,142309870000000.0,2254904.0,0.13247228
2021-02-18,568.9531,597.3932,652.9668,603.49023,639.3046,665.9329,8095498.0,39549355000000.0,3434540.5,0.08528199
2021-02-19,595.94763,589.55914,646.921,558.79126,606.1889,603.544,8660920.0,57803423000000.0,2334107.0,0.1514665
2021-02-22,572.7382,549.28015,673.1213,639.2486,647.6298,711.44684,7693557.0,116071970000000.0,2648790.0,0.06804679
2021-02-23,610.7206,600.82904,686.77924,608.2035,665.4152,654.4923,10339971.0,150700650000000.0,2620011.2,0.15727454
2021-02-24,624.0805,560.9599,638.9788,587.78436,616.52203,651.76886,8950197.0,109467570000000.0,2479037.8,0.11676805
2021-02-25,610.8543,566.92426,699.1781,662.8741,669.8779,684.7712,8387677.0,190169740000000.0,2010664.0,0.17822288
2021-02-26,646.94727,609.01764,684.7295,642.95715,703.5526,680.88446,8717929.0,217292780000000.0,3641755.2,0.18629159
2021-03-01,648.91223,591.2151,668.83984,637.52264,660.8628,674.78406,8089979.5,58733640000000.0,3647476.5,0.1978881
2021-03-02,596.5806,566.8429,718.1915,659.72406,676.4864,698.2209,8780516.0,141352260000000.0,3391530.8,0.1997692
2021-03-03,643.0987,618.3495,745.2351,646.82635,702.5035,700.9084,7900396.0,122258110000000.0,3728431.0,0.21721539
2021-03-04,670.32697,646.7522,723.19885,649.75336,691.2326,709.889,9973488.0,6152116500000.0,3499246.5,0.17393759
2021-03-05,620.6234,623.833,731.80066,699.42334,697.10596,740.4942,9314224.0,132653730000000.0,4117490.8,0.080621935
2021-03-08,606.2067,637.6918,763.07275,679.42487,717.1749,724.0981,7492147.5,16085109000000.0,3516185.5,0.11423225
2021-03-09,638.3083,646.41003,763.9712,662.97546,722.39435,765.1966,7191742.0,27298938000000.0,3399191.5,0.11584852
2021-03-10,690.66925,669.54694,770.41846,674.3515,707.32904,746.46375,10277859.0,16980175000000.0,2598517.5,0.13157077
2021-03-12,705.17285,658.891,743.4878,712.755,719.2157,757.2898,10013305.0,270597820000000.0,2287120.0,0.13111222
2021-03-15,683.941,652.9436,725.17535,705.3499,714.30927,739.71063,8155444.0,111363385000000.0,2549051.0,0.19956337
2021-03-16,672.63,643.22723,712.96155,675.1187,709.1267,715.1283,9104149.0,47807013000000.0,3643139.5,0.2826543
2021-03-17,637.21216,630.81067,690.23035,679.33777,690.56903,704.9026,5407060.0,161976760000000.0,3894063.5,0.22691639
2021-03-18,627.9846,611.5273,719.5859,658.004,692.8693,696.3268,5927685.0,243450730000000.0,3508841.8,0.30671394
2021-03-19,641.16315,595.8914,705.13165,646.1496,665.7428,678.5056,7978027.5,263107780000000.0,3395004.5,0.25548065
2021-03-22,624.09875,606.2485,705.37195,643.616,656.3933,653.0059,7737473.5,2980151600000.0,2518568.8,0.19964738
2021-03-23,599.1601,644.8117,696.32996,671.78326,683.57825,701.26434,7501755.0,188696820000000.0,3221426.2,0.12133695
2021-03-24,601.6175,655.10284,715.00464,668.5964,708.2352,695.79016,5096516.5,79295690000000.0,3667341.5,0.11311969
2021-03-25,572.6915,602.1336,710.492,628.8073,674.5953,708.84937,6107577.5,57256180000000.0,3227854.5,0.090913184
2021-03-26,588.2483,615.57697,716.1449,629.1968,651.3471,718.6831,8470842.0,22728577000000.0,3074543.2,0.08764508
2021-03-30,649.45355,613.69434,731.0695,601.57605,651.8461,688.93335,10618377.0,23677335000000.0,2128354.2,0.11139383
2021-03-31,655.90955,618.99176,687.9896,636.75745,629.9872,690.0646,10719331.0,89544370000000.0,1507109.2,0.078312844
2021-04-01,635.0795,634.0638,698.9771,688.6559,701.454,718.1811,8351300.0,148235060000000.0,1610785.6,0.12606747
2021-04-05,654.7353,632.6632,679.9128,674.2135,706.98346,710.50543,5365479.0,222688130000000.0,2845569.5,0.17509827
2021-04-06,679.8251,631.5488,703.33057,677.0383,708.6595,714.13684,5005852.5,83489945000000.0,3339778.5,0.18526359
2021-04-07,650.7179,637.77234,751.367,747.81775,765.24713,800.4827,7112761.5,79542006000000.0,5866176.5,0.05623093
2021-04-08,531.66943,609.4467,767.93506,685.54083,715.6987,766.8803,9361030.0,-244185160000000.0,6914970.5,-0.059053678
2021-04-09,467.9987,525.2094,840.2976,581.90643,667.9721,735.9423,8590425.0,-247692240000000.0,2919883.0,-0.057880633
2021-04-12,548.4552,632.0377,901.51245,677.28625,757.61676,857.66205,12615954.0,89865100000000.0,2527513.0,-0.14518358
2021-04-13,712.95764,688.05585,742.03375,652.5323,752.69867,727.0621,20558956.0,188790340000000.0,2002315.1,-0.13375063
2021-04-15,647.20123,567.93964,571.2065,694.1106,639.86035,731.43335,19799358.0,158880080000000.0,3656631.0,-0.2342878
2021-04-16,551.20984,530.97723,710.0731,722.0523,779.9975,760.1587,10071953.0,185185850000000.0,3751476.8,-0.042689376
2021-04-19,610.6572,578.4301,714.2575,637.6476,788.3427,796.09247,9995314.0,117237690000000.0,6662542.0,0.08146588
2021-04-20,673.6358,524.8757,690.1316,602.5754,648.7002,741.47754,16943308.0,98736560000000.0,6145109.0,0.22332287
2021-04-22,627.4932,418.18655,761.78296,659.9894,651.83405,725.0636,17981138.0,538704560000000.0,5083894.0,0.16662733
2021-04-23,613.96094,535.82745,791.5039,667.5278,714.7824,710.6713,18294364.0,79597070000000.0,5294785.5,0.1756591
2021-04-26,607.8968,556.78394,723.86615,659.1737,694.7237,685.5688,16554588.0,-66253813000000.0,4158137.0,0.13535255
2021-04-27,564.63257,580.85266,732.24255,738.1975,756.3767,778.72687,10558201.0,471601870000000.0,5388192.5,0.12154691
2021-04-28,643.4476,619.0346,745.75226,730.3525,793.3009,738.3445,8970084.0,646086160000000.0,6547968.0,0.18043807
2021-04-29,723.6438,572.83295,728.97833,668.31506,711.4638,742.1703,11973383.0,170279750000000.0,5513911.5,0.20088749
